id_test,classe,attribut,type_cible,cle_primaire,actif,description
ctrl_type_0001,t_adresse,ad_batcode,varchar,ad_code,true,"Vérification du type de ad_batcode"
ctrl_type_0002,t_adresse,ad_code,varchar,ad_code,true,"Vérification du type de ad_code"
ctrl_type_0003,t_adresse,ad_codtemp,varchar,ad_code,true,"Vérification du type de ad_codtemp"
ctrl_type_0004,t_adresse,ad_commune,varchar,ad_code,true,"Vérification du type de ad_commune"
ctrl_type_0005,t_adresse,ad_datmodi,date,ad_code,true,"Vérification du type de ad_datmodi"
ctrl_type_0006,t_adresse,ad_distinf,numeric,ad_code,true,"Vérification du type de ad_distinf"
ctrl_type_0007,t_adresse,ad_dta,varchar,ad_code,true,"Vérification du type de ad_dta"
ctrl_type_0008,t_adresse,ad_gest,varchar,ad_code,true,"Vérification du type de ad_gest"
ctrl_type_0009,t_adresse,ad_hexacle,varchar,ad_code,true,"Vérification du type de ad_hexacle"
ctrl_type_0010,t_adresse,ad_iaccgst,varchar,ad_code,true,"Vérification du type de ad_iaccgst"
ctrl_type_0011,t_adresse,ad_idatsgn,date,ad_code,true,"Vérification du type de ad_idatsgn"
ctrl_type_0012,t_adresse,ad_ietat,varchar,ad_code,true,"Vérification du type de ad_ietat"
ctrl_type_0013,t_adresse,ad_imneuf,varchar,ad_code,true,"Vérification du type de ad_imneuf"
ctrl_type_0014,t_adresse,ad_insee,varchar,ad_code,true,"Vérification du type de ad_insee"
ctrl_type_0015,t_adresse,ad_isole,varchar,ad_code,true,"Vérification du type de ad_isole"
ctrl_type_0016,t_adresse,ad_nbfofon,integer,ad_code,true,"Vérification du type de ad_nbfofon"
ctrl_type_0017,t_adresse,ad_nbfogfu,integer,ad_code,true,"Vérification du type de ad_nbfogfu"
ctrl_type_0018,t_adresse,ad_nbfotte,integer,ad_code,true,"Vérification du type de ad_nbfotte"
ctrl_type_0019,t_adresse,ad_nbfotth,integer,ad_code,true,"Vérification du type de ad_nbfotth"
ctrl_type_0020,t_adresse,ad_nbfotto,integer,ad_code,true,"Vérification du type de ad_nbfotto"
ctrl_type_0021,t_adresse,ad_nblent,integer,ad_code,true,"Vérification du type de ad_nblent"
ctrl_type_0022,t_adresse,ad_nblobj,integer,ad_code,true,"Vérification du type de ad_nblobj"
ctrl_type_0023,t_adresse,ad_nblope,integer,ad_code,true,"Vérification du type de ad_nblope"
ctrl_type_0024,t_adresse,ad_nblpro,integer,ad_code,true,"Vérification du type de ad_nblpro"
ctrl_type_0025,t_adresse,ad_nblpub,integer,ad_code,true,"Vérification du type de ad_nblpub"
ctrl_type_0026,t_adresse,ad_nblres,integer,ad_code,true,"Vérification du type de ad_nblres"
ctrl_type_0027,t_adresse,ad_nombat,varchar,ad_code,true,"Vérification du type de ad_nombat"
ctrl_type_0028,t_adresse,ad_nomvoie,varchar,ad_code,true,"Vérification du type de ad_nomvoie"
ctrl_type_0029,t_adresse,ad_numero,integer,ad_code,true,"Vérification du type de ad_numero"
ctrl_type_0030,t_adresse,ad_postal,varchar,ad_code,true,"Vérification du type de ad_postal"
ctrl_type_0031,t_adresse,ad_prio,varchar,ad_code,true,"Vérification du type de ad_prio"
ctrl_type_0032,t_adresse,ad_racc,varchar,ad_code,true,"Vérification du type de ad_racc"
ctrl_type_0033,t_adresse,ad_raclong,varchar,ad_code,true,"Vérification du type de ad_raclong"
ctrl_type_0034,t_adresse,ad_rep,varchar,ad_code,true,"Vérification du type de ad_rep"
ctrl_type_0036,t_baie,ba_abandon,varchar,ba_code,true,"Vérification du type de ba_abandon"
ctrl_type_0037,t_baie,ba_code,varchar,ba_code,true,"Vérification du type de ba_code"
ctrl_type_0038,t_baie,ba_codeext,varchar,ba_code,true,"Vérification du type de ba_codeext"
ctrl_type_0039,t_baie,ba_etiquet,varchar,ba_code,true,"Vérification du type de ba_etiquet"
ctrl_type_0040,t_baie,ba_gest,varchar,ba_code,true,"Vérification du type de ba_gest"
ctrl_type_0041,t_baie,ba_lc_code,varchar,ba_code,true,"Vérification du type de ba_lc_code"
ctrl_type_0042,t_baie,ba_nb_u,numeric,ba_code,true,"Vérification du type de ba_nb_u"
ctrl_type_0043,t_baie,ba_perirec,varchar,ba_code,true,"Vérification du type de ba_perirec"
ctrl_type_0044,t_baie,ba_prop,varchar,ba_code,true,"Vérification du type de ba_prop"
ctrl_type_0045,t_baie,ba_proptyp,varchar,ba_code,true,"Vérification du type de ba_proptyp"
ctrl_type_0046,t_baie,ba_rf_code,varchar,ba_code,true,"Vérification du type de ba_rf_code"
ctrl_type_0047,t_baie,ba_statut,varchar,ba_code,true,"Vérification du type de ba_statut"
ctrl_type_0048,t_baie,ba_type,varchar,ba_code,true,"Vérification du type de ba_type"
ctrl_type_0049,t_cab_chem,cc_cb_code,varchar,cc_cb_code,true,"Vérification du type de cc_cb_code"
ctrl_type_0050,t_cab_chem,cc_cm_code,varchar,cc_cb_code,true,"Vérification du type de cc_cm_code"
ctrl_type_0051,t_cable,cb_abandon,varchar,cb_code,true,"Vérification du type de cb_abandon"
ctrl_type_0052,t_cable,cb_avct,varchar,cb_code,true,"Vérification du type de cb_avct"
ctrl_type_0053,t_cable,cb_ba1,varchar,cb_code,true,"Vérification du type de cb_ba1"
ctrl_type_0054,t_cable,cb_ba2,varchar,cb_code,true,"Vérification du type de cb_ba2"
ctrl_type_0055,t_cable,cb_bp1,varchar,cb_code,true,"Vérification du type de cb_bp1"
ctrl_type_0056,t_cable,cb_bp2,varchar,cb_code,true,"Vérification du type de cb_bp2"
ctrl_type_0057,t_cable,cb_cabphy,varchar,cb_code,true,"Vérification du type de cb_cabphy"
ctrl_type_0058,t_cable,cb_capafo,integer,cb_code,true,"Vérification du type de cb_capafo"
ctrl_type_0059,t_cable,cb_code,varchar,cb_code,true,"Vérification du type de cb_code"
ctrl_type_0060,t_cable,cb_codeext,varchar,cb_code,true,"Vérification du type de cb_codeext"
ctrl_type_0061,t_cable,cb_dateins,date,cb_code,true,"Vérification du type de cb_dateins"
ctrl_type_0062,t_cable,cb_etiquet,varchar,cb_code,true,"Vérification du type de cb_etiquet"
ctrl_type_0063,t_cable,cb_fo_disp,integer,cb_code,true,"Vérification du type de cb_fo_disp"
ctrl_type_0064,t_cable,cb_fo_type,varchar,cb_code,true,"Vérification du type de cb_fo_type"
ctrl_type_0065,t_cable,cb_fo_util,integer,cb_code,true,"Vérification du type de cb_fo_util"
ctrl_type_0066,t_cable,cb_gest,varchar,cb_code,true,"Vérification du type de cb_gest"
ctrl_type_0067,t_cable,cb_lgreel,numeric,cb_code,true,"Vérification du type de cb_lgreel"
ctrl_type_0068,t_cable,cb_modulo,integer,cb_code,true,"Vérification du type de cb_modulo"
ctrl_type_0069,t_cable,cb_nd1,varchar,cb_code,true,"Vérification du type de cb_nd1"
ctrl_type_0070,t_cable,cb_nd2,varchar,cb_code,true,"Vérification du type de cb_nd2"
ctrl_type_0071,t_cable,cb_perirec,varchar,cb_code,true,"Vérification du type de cb_perirec"
ctrl_type_0072,t_cable,cb_prop,varchar,cb_code,true,"Vérification du type de cb_prop"
ctrl_type_0073,t_cable,cb_proptyp,varchar,cb_code,true,"Vérification du type de cb_proptyp"
ctrl_type_0074,t_cable,cb_r1_code,varchar,cb_code,true,"Vérification du type de cb_r1_code"
ctrl_type_0075,t_cable,cb_r2_code,varchar,cb_code,true,"Vérification du type de cb_r2_code"
ctrl_type_0076,t_cable,cb_r3_code,varchar,cb_code,true,"Vérification du type de cb_r3_code"
ctrl_type_0077,t_cable,cb_rf_code,varchar,cb_code,true,"Vérification du type de cb_rf_code"
ctrl_type_0078,t_cable,cb_statut,varchar,cb_code,true,"Vérification du type de cb_statut"
ctrl_type_0079,t_cable,cb_typelog,varchar,cb_code,true,"Vérification du type de cb_typelog"
ctrl_type_0080,t_cable,cb_typephy,varchar,cb_code,true,"Vérification du type de cb_typephy"
ctrl_type_0081,t_cableline,cl_cb_code,varchar,cl_code,true,"Vérification du type de cl_cb_code"
ctrl_type_0082,t_cableline,cl_code,varchar,cl_code,true,"Vérification du type de cl_code"
ctrl_type_0084,t_cassette,cs_bp_code,varchar,cs_code,true,"Vérification du type de cs_bp_code"
ctrl_type_0085,t_cassette,cs_code,varchar,cs_code,true,"Vérification du type de cs_code"
ctrl_type_0086,t_cassette,cs_face,varchar,cs_code,true,"Vérification du type de cs_face"
ctrl_type_0087,t_cassette,cs_num,integer,cs_code,true,"Vérification du type de cs_num"
ctrl_type_0088,t_cassette,cs_rf_code,varchar,cs_code,true,"Vérification du type de cs_rf_code"
ctrl_type_0089,t_cassette,cs_type,varchar,cs_code,true,"Vérification du type de cs_type"
ctrl_type_0090,t_cheminement,cm_avct,varchar,cm_code,true,"Vérification du type de cm_avct"
ctrl_type_0091,t_cheminement,cm_code,varchar,cm_code,true,"Vérification du type de cm_code"
ctrl_type_0092,t_cheminement,cm_compo,varchar,cm_code,true,"Vérification du type de cm_compo"
ctrl_type_0093,t_cheminement,cm_gest,varchar,cm_code,true,"Vérification du type de cm_gest"
ctrl_type_0094,t_cheminement,cm_ndcode1,varchar,cm_code,true,"Vérification du type de cm_ndcode1"
ctrl_type_0095,t_cheminement,cm_ndcode2,varchar,cm_code,true,"Vérification du type de cm_ndcode2"
ctrl_type_0096,t_cheminement,cm_perirec,varchar,cm_code,true,"Vérification du type de cm_perirec"
ctrl_type_0097,t_cheminement,cm_prop,varchar,cm_code,true,"Vérification du type de cm_prop"
ctrl_type_0098,t_cheminement,cm_statut,varchar,cm_code,true,"Vérification du type de cm_statut"
ctrl_type_0099,t_cheminement,cm_typ_imp,varchar,cm_code,true,"Vérification du type de cm_typ_imp"
ctrl_type_0100,t_cheminement,cm_typelog,varchar,cm_code,true,"Vérification du type de cm_typelog"
ctrl_type_0102,t_ebp,bp_abandon,varchar,bp_code,true,"Vérification du type de bp_abandon"
ctrl_type_0103,t_ebp,bp_avct,varchar,bp_code,true,"Vérification du type de bp_avct"
ctrl_type_0104,t_ebp,bp_code,varchar,bp_code,true,"Vérification du type de bp_code"
ctrl_type_0105,t_ebp,bp_codeext,varchar,bp_code,true,"Vérification du type de bp_codeext"
ctrl_type_0106,t_ebp,bp_dateins,date,bp_code,true,"Vérification du type de bp_dateins"
ctrl_type_0107,t_ebp,bp_etiquet,varchar,bp_code,true,"Vérification du type de bp_etiquet"
ctrl_type_0108,t_ebp,bp_gest,varchar,bp_code,true,"Vérification du type de bp_gest"
ctrl_type_0109,t_ebp,bp_lc_code,varchar,bp_code,true,"Vérification du type de bp_lc_code"
ctrl_type_0110,t_ebp,bp_perirec,varchar,bp_code,true,"Vérification du type de bp_perirec"
ctrl_type_0111,t_ebp,bp_prop,varchar,bp_code,true,"Vérification du type de bp_prop"
ctrl_type_0112,t_ebp,bp_proptyp,varchar,bp_code,true,"Vérification du type de bp_proptyp"
ctrl_type_0113,t_ebp,bp_pt_code,varchar,bp_code,true,"Vérification du type de bp_pt_code"
ctrl_type_0114,t_ebp,bp_rf_code,varchar,bp_code,true,"Vérification du type de bp_rf_code"
ctrl_type_0115,t_ebp,bp_statut,varchar,bp_code,true,"Vérification du type de bp_statut"
ctrl_type_0116,t_ebp,bp_typelog,varchar,bp_code,true,"Vérification du type de bp_typelog"
ctrl_type_0117,t_ebp,bp_typephy,varchar,bp_code,true,"Vérification du type de bp_typephy"
ctrl_type_0118,t_fibre,fo_cb_code,varchar,fo_code,true,"Vérification du type de fo_cb_code"
ctrl_type_0119,t_fibre,fo_code,varchar,fo_code,true,"Vérification du type de fo_code"
ctrl_type_0120,t_fibre,fo_etat,varchar,fo_code,true,"Vérification du type de fo_etat"
ctrl_type_0121,t_fibre,fo_nincab,integer,fo_code,true,"Vérification du type de fo_nincab"
ctrl_type_0122,t_fibre,fo_nintub,integer,fo_code,true,"Vérification du type de fo_nintub"
ctrl_type_0123,t_fibre,fo_numtub,integer,fo_code,true,"Vérification du type de fo_numtub"
ctrl_type_0124,t_local,lc_abandon,varchar,lc_code,true,"Vérification du type de lc_abandon"
ctrl_type_0125,t_local,lc_avct,varchar,lc_code,true,"Vérification du type de lc_avct"
ctrl_type_0126,t_local,lc_bat,varchar,lc_code,true,"Vérification du type de lc_bat"
ctrl_type_0127,t_local,lc_bp_codf,varchar,lc_code,true,"Vérification du type de lc_bp_codf"
ctrl_type_0128,t_local,lc_bp_codp,varchar,lc_code,true,"Vérification du type de lc_bp_codp"
ctrl_type_0129,t_local,lc_code,varchar,lc_code,true,"Vérification du type de lc_code"
ctrl_type_0130,t_local,lc_codeext,varchar,lc_code,true,"Vérification du type de lc_codeext"
ctrl_type_0131,t_local,lc_dateins,date,lc_code,true,"Vérification du type de lc_dateins"
ctrl_type_0132,t_local,lc_elec,varchar,lc_code,true,"Vérification du type de lc_elec"
ctrl_type_0133,t_local,lc_escal,varchar,lc_code,true,"Vérification du type de lc_escal"
ctrl_type_0134,t_local,lc_etage,varchar,lc_code,true,"Vérification du type de lc_etage"
ctrl_type_0135,t_local,lc_etiquet,varchar,lc_code,true,"Vérification du type de lc_etiquet"
ctrl_type_0136,t_local,lc_gest,varchar,lc_code,true,"Vérification du type de lc_gest"
ctrl_type_0137,t_local,lc_perirec,varchar,lc_code,true,"Vérification du type de lc_perirec"
ctrl_type_0138,t_local,lc_prop,varchar,lc_code,true,"Vérification du type de lc_prop"
ctrl_type_0139,t_local,lc_proptyp,varchar,lc_code,true,"Vérification du type de lc_proptyp"
ctrl_type_0140,t_local,lc_st_code,varchar,lc_code,true,"Vérification du type de lc_st_code"
ctrl_type_0141,t_local,lc_statut,varchar,lc_code,true,"Vérification du type de lc_statut"
ctrl_type_0142,t_local,lc_typelog,varchar,lc_code,true,"Vérification du type de lc_typelog"
ctrl_type_0143,t_love,lv_cb_code,varchar,lv_id,true,"Vérification du type de lv_cb_code"
ctrl_type_0144,t_love,lv_id,bigint,lv_id,true,"Vérification du type de lv_id"
ctrl_type_0145,t_love,lv_long,integer,lv_id,true,"Vérification du type de lv_long"
ctrl_type_0146,t_love,lv_nd_code,varchar,lv_id,true,"Vérification du type de lv_nd_code"
ctrl_type_0148,t_noeud,nd_code,varchar,nd_code,true,"Vérification du type de nd_code"
ctrl_type_0149,t_organisme,or_code,varchar,or_code,true,"Vérification du type de or_code"
ctrl_type_0150,t_organisme,or_commune,varchar,or_code,true,"Vérification du type de or_commune"
ctrl_type_0151,t_organisme,or_local,varchar,or_code,true,"Vérification du type de or_local"
ctrl_type_0152,t_organisme,or_nom,varchar,or_code,true,"Vérification du type de or_nom"
ctrl_type_0153,t_organisme,or_nomvoie,varchar,or_code,true,"Vérification du type de or_nomvoie"
ctrl_type_0154,t_organisme,or_numero,integer,or_code,true,"Vérification du type de or_numero"
ctrl_type_0155,t_organisme,or_postal,varchar,or_code,true,"Vérification du type de or_postal"
ctrl_type_0156,t_organisme,or_rep,varchar,or_code,true,"Vérification du type de or_rep"
ctrl_type_0157,t_organisme,or_siret,varchar,or_code,true,"Vérification du type de or_siret"
ctrl_type_0158,t_organisme,or_type,varchar,or_code,true,"Vérification du type de or_type"
ctrl_type_0160,t_point_leve,pl_charge,numeric,pl_code,true,"Vérification du type de pl_charge"
ctrl_type_0161,t_point_leve,pl_code,varchar,pl_code,true,"Vérification du type de pl_code"
ctrl_type_0162,t_point_leve,pl_x,numeric,pl_code,true,"Vérification du type de pl_x"
ctrl_type_0163,t_point_leve,pl_y,numeric,pl_code,true,"Vérification du type de pl_y"
ctrl_type_0164,t_point_leve,pl_z,numeric,pl_code,true,"Vérification du type de pl_z"
ctrl_type_0166,t_pointaccueil,pa_a_haut,numeric,pa_code,true,"Vérification du type de pa_a_haut"
ctrl_type_0167,t_pointaccueil,pa_a_struc,varchar,pa_code,true,"Vérification du type de pa_a_struc"
ctrl_type_0168,t_pointaccueil,pa_code,varchar,pa_code,true,"Vérification du type de pa_code"
ctrl_type_0169,t_pointaccueil,pa_codeext,varchar,pa_code,true,"Vérification du type de pa_codeext"
ctrl_type_0170,t_pointaccueil,pa_codtemp,varchar,pa_code,true,"Vérification du type de pa_codtemp"
ctrl_type_0171,t_pointaccueil,pa_datecon,date,pa_code,true,"Vérification du type de pa_datecon"
ctrl_type_0172,t_pointaccueil,pa_dtclass,varchar,pa_code,true,"Vérification du type de pa_dtclass"
ctrl_type_0173,t_pointaccueil,pa_gest,varchar,pa_code,true,"Vérification du type de pa_gest"
ctrl_type_0174,t_pointaccueil,pa_nature,varchar,pa_code,true,"Vérification du type de pa_nature"
ctrl_type_0175,t_pointaccueil,pa_perirec,varchar,pa_code,true,"Vérification du type de pa_perirec"
ctrl_type_0176,t_pointaccueil,pa_prop,varchar,pa_code,true,"Vérification du type de pa_prop"
ctrl_type_0177,t_pointaccueil,pa_rotatio,numeric,pa_code,true,"Vérification du type de pa_rotatio"
ctrl_type_0178,t_pointaccueil,pa_secu,varchar,pa_code,true,"Vérification du type de pa_secu"
ctrl_type_0179,t_pointaccueil,pa_typephy,varchar,pa_code,true,"Vérification du type de pa_typephy"
ctrl_type_0180,t_position,ps_1,varchar,ps_code,true,"Vérification du type de ps_1"
ctrl_type_0181,t_position,ps_2,varchar,ps_code,true,"Vérification du type de ps_2"
ctrl_type_0182,t_position,ps_code,varchar,ps_code,true,"Vérification du type de ps_code"
ctrl_type_0183,t_position,ps_cs_code,varchar,ps_code,true,"Vérification du type de ps_cs_code"
ctrl_type_0184,t_position,ps_fonct,varchar,ps_code,true,"Vérification du type de ps_fonct"
ctrl_type_0185,t_position,ps_numero,integer,ps_code,true,"Vérification du type de ps_numero"
ctrl_type_0186,t_position,ps_preaff,varchar,ps_code,true,"Vérification du type de ps_preaff"
ctrl_type_0187,t_position,ps_ti_code,varchar,ps_code,true,"Vérification du type de ps_ti_code"
ctrl_type_0188,t_position,ps_type,varchar,ps_code,true,"Vérification du type de ps_type"
ctrl_type_0189,t_ptech,pt_a_haut,numeric,pt_code,true,"Vérification du type de pt_a_haut"
ctrl_type_0190,t_ptech,pt_a_struc,varchar,pt_code,true,"Vérification du type de pt_a_struc"
ctrl_type_0191,t_ptech,pt_abandon,varchar,pt_code,true,"Vérification du type de pt_abandon"
ctrl_type_0192,t_ptech,pt_avct,varchar,pt_code,true,"Vérification du type de pt_avct"
ctrl_type_0193,t_ptech,pt_code,varchar,pt_code,true,"Vérification du type de pt_code"
ctrl_type_0194,t_ptech,pt_codeext,varchar,pt_code,true,"Vérification du type de pt_codeext"
ctrl_type_0195,t_ptech,pt_etiquet,varchar,pt_code,true,"Vérification du type de pt_etiquet"
ctrl_type_0196,t_ptech,pt_gest,varchar,pt_code,true,"Vérification du type de pt_gest"
ctrl_type_0197,t_ptech,pt_nature,varchar,pt_code,true,"Vérification du type de pt_nature"
ctrl_type_0198,t_ptech,pt_nd_code,varchar,pt_code,true,"Vérification du type de pt_nd_code"
ctrl_type_0199,t_ptech,pt_perirec,varchar,pt_code,true,"Vérification du type de pt_perirec"
ctrl_type_0200,t_ptech,pt_prop,varchar,pt_code,true,"Vérification du type de pt_prop"
ctrl_type_0201,t_ptech,pt_proptyp,varchar,pt_code,true,"Vérification du type de pt_proptyp"
ctrl_type_0202,t_ptech,pt_secu,varchar,pt_code,true,"Vérification du type de pt_secu"
ctrl_type_0203,t_ptech,pt_statut,varchar,pt_code,true,"Vérification du type de pt_statut"
ctrl_type_0204,t_ptech,pt_typephy,varchar,pt_code,true,"Vérification du type de pt_typephy"
ctrl_type_0205,t_reference,rf_code,varchar,rf_code,true,"Vérification du type de rf_code"
ctrl_type_0206,t_reference,rf_design,varchar,rf_code,true,"Vérification du type de rf_design"
ctrl_type_0207,t_reference,rf_type,varchar,rf_code,true,"Vérification du type de rf_type"
ctrl_type_0208,t_site,st_abandon,varchar,st_code,true,"Vérification du type de st_abandon"
ctrl_type_0209,t_site,st_ad_code,varchar,st_code,true,"Vérification du type de st_ad_code"
ctrl_type_0210,t_site,st_avct,varchar,st_code,true,"Vérification du type de st_avct"
ctrl_type_0211,t_site,st_code,varchar,st_code,true,"Vérification du type de st_code"
ctrl_type_0212,t_site,st_codeext,varchar,st_code,true,"Vérification du type de st_codeext"
ctrl_type_0213,t_site,st_commune,varchar,st_code,true,"Vérification du type de st_commune"
ctrl_type_0214,t_site,st_dateins,date,st_code,true,"Vérification du type de st_dateins"
ctrl_type_0215,t_site,st_design,varchar,st_code,true,"Vérification du type de st_design"
ctrl_type_0216,t_site,st_gest,varchar,st_code,true,"Vérification du type de st_gest"
ctrl_type_0217,t_site,st_insee,varchar,st_code,true,"Vérification du type de st_insee"
ctrl_type_0218,t_site,st_nd_code,varchar,st_code,true,"Vérification du type de st_nd_code"
ctrl_type_0219,t_site,st_nombat,varchar,st_code,true,"Vérification du type de st_nombat"
ctrl_type_0220,t_site,st_nomvoie,varchar,st_code,true,"Vérification du type de st_nomvoie"
ctrl_type_0221,t_site,st_nra,varchar,st_code,true,"Vérification du type de st_nra"
ctrl_type_0222,t_site,st_numero,integer,st_code,true,"Vérification du type de st_numero"
ctrl_type_0223,t_site,st_perirec,varchar,st_code,true,"Vérification du type de st_perirec"
ctrl_type_0224,t_site,st_postal,varchar,st_code,true,"Vérification du type de st_postal"
ctrl_type_0225,t_site,st_prop,varchar,st_code,true,"Vérification du type de st_prop"
ctrl_type_0226,t_site,st_proptyp,varchar,st_code,true,"Vérification du type de st_proptyp"
ctrl_type_0227,t_site,st_rep,varchar,st_code,true,"Vérification du type de st_rep"
ctrl_type_0228,t_site,st_statut,varchar,st_code,true,"Vérification du type de st_statut"
ctrl_type_0229,t_site,st_typelog,varchar,st_code,true,"Vérification du type de st_typelog"
ctrl_type_0230,t_site,st_typephy,varchar,st_code,true,"Vérification du type de st_typephy"
ctrl_type_0231,t_tiroir,ti_abandon,varchar,ti_code,true,"Vérification du type de ti_abandon"
ctrl_type_0232,t_tiroir,ti_ba_code,varchar,ti_code,true,"Vérification du type de ti_ba_code"
ctrl_type_0233,t_tiroir,ti_code,varchar,ti_code,true,"Vérification du type de ti_code"
ctrl_type_0234,t_tiroir,ti_codeext,varchar,ti_code,true,"Vérification du type de ti_codeext"
ctrl_type_0235,t_tiroir,ti_etiquet,varchar,ti_code,true,"Vérification du type de ti_etiquet"
ctrl_type_0236,t_tiroir,ti_perirec,varchar,ti_code,true,"Vérification du type de ti_perirec"
ctrl_type_0237,t_tiroir,ti_placemt,numeric,ti_code,true,"Vérification du type de ti_placemt"
ctrl_type_0238,t_tiroir,ti_prop,varchar,ti_code,true,"Vérification du type de ti_prop"
ctrl_type_0239,t_tiroir,ti_rf_code,varchar,ti_code,true,"Vérification du type de ti_rf_code"
ctrl_type_0240,t_tiroir,ti_taille,numeric,ti_code,true,"Vérification du type de ti_taille"
ctrl_type_0241,t_tiroir,ti_type,varchar,ti_code,true,"Vérification du type de ti_type"
ctrl_type_0243,t_tranchee,tr_code,varchar,tr_code,true,"Vérification du type de tr_code"
ctrl_type_0244,t_tranchee,tr_compo,varchar,tr_code,true,"Vérification du type de tr_compo"
ctrl_type_0245,t_tranchee,tr_couptyp,varchar,tr_code,true,"Vérification du type de tr_couptyp"
ctrl_type_0246,t_tranchee,tr_dtclass,varchar,tr_code,true,"Vérification du type de tr_dtclass"
ctrl_type_0247,t_tranchee,tr_lgreel,numeric,tr_code,true,"Vérification du type de tr_lgreel"
ctrl_type_0248,t_tranchee,tr_pa1,varchar,tr_code,true,"Vérification du type de tr_pa1"
ctrl_type_0249,t_tranchee,tr_pa2,varchar,tr_code,true,"Vérification du type de tr_pa2"
ctrl_type_0250,t_tranchee,tr_perirec,varchar,tr_code,true,"Vérification du type de tr_perirec"
ctrl_type_0252,t_zdep,zd_code,varchar,zd_code,true,"Vérification du type de zd_code"
ctrl_type_0253,t_zdep,zd_nd_code,varchar,zd_code,true,"Vérification du type de zd_nd_code"
ctrl_type_0254,t_zdep,zd_r1_code,varchar,zd_code,true,"Vérification du type de zd_r1_code"
ctrl_type_0255,t_zdep,zd_r2_code,varchar,zd_code,true,"Vérification du type de zd_r2_code"
ctrl_type_0256,t_zdep,zd_r3_code,varchar,zd_code,true,"Vérification du type de zd_r3_code"
ctrl_type_0257,t_zdep,zd_r4_code,varchar,zd_code,true,"Vérification du type de zd_r4_code"
ctrl_type_0258,t_zdep,zd_statut,varchar,zd_code,true,"Vérification du type de zd_statut"
ctrl_type_0259,t_zdep,zd_zs_code,varchar,zd_code,true,"Vérification du type de zd_zs_code"
ctrl_type_0261,t_znro,zn_code,varchar,zn_code,true,"Vérification du type de zn_code"
ctrl_type_0262,t_znro,zn_etat,varchar,zn_code,true,"Vérification du type de zn_etat"
ctrl_type_0263,t_znro,zn_lc_code,varchar,zn_code,true,"Vérification du type de zn_lc_code"
ctrl_type_0264,t_znro,zn_nd_code,varchar,zn_code,true,"Vérification du type de zn_nd_code"
ctrl_type_0265,t_znro,zn_nom,varchar,zn_code,true,"Vérification du type de zn_nom"
ctrl_type_0266,t_znro,zn_nroref,varchar,zn_code,true,"Vérification du type de zn_nroref"
ctrl_type_0267,t_znro,zn_r1_code,varchar,zn_code,true,"Vérification du type de zn_r1_code"
ctrl_type_0268,t_znro,zn_r2_code,varchar,zn_code,true,"Vérification du type de zn_r2_code"
ctrl_type_0270,t_zsro,zs_actif,varchar,zs_code,true,"Vérification du type de zs_actif"
ctrl_type_0271,t_zsro,zs_capamax,integer,zs_code,true,"Vérification du type de zs_capamax"
ctrl_type_0272,t_zsro,zs_code,varchar,zs_code,true,"Vérification du type de zs_code"
ctrl_type_0273,t_zsro,zs_etatpm,varchar,zs_code,true,"Vérification du type de zs_etatpm"
ctrl_type_0274,t_zsro,zs_lc_code,varchar,zs_code,true,"Vérification du type de zs_lc_code"
ctrl_type_0275,t_zsro,zs_lgmaxln,numeric,zs_code,true,"Vérification du type de zs_lgmaxln"
ctrl_type_0276,t_zsro,zs_nblogmt,integer,zs_code,true,"Vérification du type de zs_nblogmt"
ctrl_type_0277,t_zsro,zs_nom,varchar,zs_code,true,"Vérification du type de zs_nom"
ctrl_type_0278,t_zsro,zs_r1_code,varchar,zs_code,true,"Vérification du type de zs_r1_code"
ctrl_type_0279,t_zsro,zs_r2_code,varchar,zs_code,true,"Vérification du type de zs_r2_code"
ctrl_type_0280,t_zsro,zs_r3_code,varchar,zs_code,true,"Vérification du type de zs_r3_code"
ctrl_type_0281,t_zsro,zs_refpm,varchar,zs_code,true,"Vérification du type de zs_refpm"
ctrl_type_0282,t_zsro,zs_zn_code,varchar,zs_code,true,"Vérification du type de zs_zn_code"
ctrl_type_0283,t_zsro,zs_znllong,numeric,zs_code,true,"Vérification du type de zs_znllong"
