cb_code;cb_codeext;cb_abandon;cb_perirec;cb_etiquet;cb_nd1;cb_nd2;cb_bp1;cb_ba1;cb_bp2;cb_ba2;cb_r1_code;cb_r2_code;cb_r3_code;cb_r4_code;cb_fo_type;cb_prop;cb_gest;cb_user;cb_proptyp;cb_statut;cb_dateins;cb_avct;cb_typephy;cb_typelog;cb_rf_code;cb_capafo;cb_fo_disp;cb_fo_util;cb_modulo;cb_cabphy;cb_lgreel
CB000180030916;OPE_CB007;0;PM7-CTR-01;18003_CB_OPE_00007;ND200180030502;ND000180030502;;BA000180030506;BP000180030714;;DSPE;A001;B001;;G657A2;OR900000000002;OR900000000002;OR900000000002;CST;REC;04/05/2019;E;C;DI;RF000000000010;48;;;12;3;5
CB000180030001;OPE_CB008;0;PM7-CTR-01;18003_CB_OPE_00008;ND000180030502;ND200180030502;BP000180030714;;;BA000180030506;DSPE;A001;B001;;G657A2;OR900000000002;OR900000000002;OR900000000002;CST;REC;04/05/2019;E;C;TR;RF000000000002;96;;;12;5;5
CB000180030007;OPE_CB009;0;PM7-CTR-01;18003_CB_OPE_00009;ND000180030001;ND000180030503;;BA000180030509;BP000180030091;;DSPE;A001;B001;;G657A2;OR900000000002;OR900000000002;OR900000000002;CST;REC;04/05/2019;E;C;TR;RF000000000002;96;;;12;5;37
CB000180030975;OPE_CB010;0;PM7-CTR-02;18003_CB_OPE_00010;ND000180030502;ND000180030072;BP000180030714;;BP000180030976;;DSPE;A001;B001;;G657A2;OR900000000002;OR900000000002;OR900000000002;CST;REC;04/05/2019;E;C;DI;RF000000000009;48;;;6;3;12
CB000180030341;OPE_CB011;0;PM7-CTR-01;18003_CB_OPE_00011;ND000180030502;ND000180032793;BP000180030714;;BP000180030705;;DSPE;A001;B001;;G657A2;OR900000000002;OR900000000002;OR900000000002;CST;REC;04/05/2019;E;C;DI;RF000000000007;24;;;6;4;37
CB000180030003;OPE_CB012;0;PM7-CTR-01;18003_CB_OPE_00012;ND000180030091;ND000180030502;BP000180030091;;BP000180030714;;DSPE;A001;B001;;G657A2;OR900000000002;OR900000000002;OR900000000002;CST;REC;04/05/2019;E;C;TR;RF000000000002;96;;;12;5;120
CB000180030329;OPE_CB013;0;PM7-CTR-02;18003_CB_OPE_00013;ND000180030072;ND000180032722;BP000180030976;;BP000180030675;;DSPE;A001;B001;;G657A2;OR900000000002;OR900000000002;OR900000000002;CST;REC;04/05/2019;E;C;DI;RF000000000006;12;;;6;17;45
CB000180030739;OPE_CB014;0;PM7-CTR-02;18003_CB_OPE_00014;ND000180030072;ND000180030064;BP000180030976;;BP000180030676;;DSPE;A001;B001;;G657A2;OR900000000002;OR900000000002;OR900000000002;CST;REC;04/05/2019;E;C;DI;RF000000000008;36;;;6;49;45
CB000180030917;OPE_CB015;0;PM7-CTR-01;18003_CB_OPE_00015;ND200180030502;ND000180030502;;BA000180030506;BP000180030714;;DSPE;A001;B001;;G657A2;OR900000000002;OR900000000002;OR900000000002;CST;REC;04/05/2019;E;C;DI;RF000000000010;24;;;6;4;5
