fo_code;fo_cb_code;fo_nincab;fo_numtub;fo_nintub;fo_etat
FO180030003001;CB000180030003;1;1;1;OK
FO180030001001;CB000180030001;1;1;1;OK
FO180030001002;CB000180030001;2;1;2;OK
FO180030001003;CB000180030001;3;1;3;OK
FO180030001004;CB000180030001;4;1;4;OK
FO180030001005;CB000180030001;5;1;5;OK
FO180030001006;CB000180030001;6;1;6;OK
FO180030001007;CB000180030001;7;2;7;OK
FO180030001008;CB000180030001;8;2;8;OK
FO180030001009;CB000180030001;9;2;9;OK
FO180030001010;CB000180030001;10;2;10;OK
FO180030001011;CB000180030001;11;2;11;OK
FO180030001012;CB000180030001;12;2;12;OK
FO180030001013;CB000180030001;13;3;1;OK
FO180030001014;CB000180030001;14;3;2;OK
FO180030001015;CB000180030001;15;3;3;OK
FO180030001016;CB000180030001;16;3;4;OK
FO180030001017;CB000180030001;17;3;5;OK
FO180030001018;CB000180030001;18;3;6;OK
FO180030001019;CB000180030001;19;4;7;OK
FO180030001020;CB000180030001;20;4;8;OK
FO180030001021;CB000180030001;21;4;9;OK
FO180030001022;CB000180030001;22;4;10;OK
FO180030001023;CB000180030001;23;4;11;OK
FO180030001024;CB000180030001;24;4;12;OK
FO180030001025;CB000180030001;25;5;1;OK
FO180030001026;CB000180030001;26;5;2;OK
FO180030001027;CB000180030001;27;5;3;OK
FO180030001028;CB000180030001;28;5;4;OK
FO180030001029;CB000180030001;29;5;5;OK
FO180030001030;CB000180030001;30;5;6;OK
FO180030001031;CB000180030001;31;6;7;OK
FO180030001032;CB000180030001;32;6;8;OK
FO180030001033;CB000180030001;33;6;9;OK
FO180030001034;CB000180030001;34;6;10;OK
FO180030001035;CB000180030001;35;6;11;OK
FO180030001036;CB000180030001;36;6;12;OK
FO180030001037;CB000180030001;37;7;1;OK
FO180030001038;CB000180030001;38;7;2;OK
FO180030001039;CB000180030001;39;7;3;OK
FO180030001040;CB000180030001;40;7;4;OK
FO180030001041;CB000180030001;41;7;5;OK
FO180030001042;CB000180030001;42;7;6;OK
FO180030001043;CB000180030001;43;8;7;OK
FO180030001044;CB000180030001;44;8;8;OK
FO180030001045;CB000180030001;45;8;9;OK
FO180030001046;CB000180030001;46;8;10;OK
FO180030001047;CB000180030001;47;8;11;OK
FO180030001048;CB000180030001;48;8;12;OK
FO180030001049;CB000180030001;49;9;1;OK
FO180030001050;CB000180030001;50;9;2;OK
FO180030001051;CB000180030001;51;9;3;OK
FO180030001052;CB000180030001;52;9;4;OK
FO180030001053;CB000180030001;53;9;5;OK
FO180030001054;CB000180030001;54;9;6;OK
FO180030001055;CB000180030001;55;10;7;OK
FO180030001056;CB000180030001;56;10;8;OK
FO180030001057;CB000180030001;57;10;9;OK
FO180030001058;CB000180030001;58;10;10;OK
FO180030001059;CB000180030001;59;10;11;OK
FO180030001060;CB000180030001;60;10;12;OK
FO180030001061;CB000180030001;61;11;1;OK
FO180030001062;CB000180030001;62;11;2;OK
FO180030001063;CB000180030001;63;11;3;OK
FO180030001064;CB000180030001;64;11;4;OK
FO180030001065;CB000180030001;65;11;5;OK
FO180030001066;CB000180030001;66;11;6;OK
FO180030001067;CB000180030001;67;12;7;OK
FO180030001068;CB000180030001;68;12;8;OK
FO180030001069;CB000180030001;69;12;9;OK
FO180030001070;CB000180030001;70;12;10;OK
FO180030001071;CB000180030001;71;12;11;OK
FO180030001072;CB000180030001;72;12;12;OK
FO180030001073;CB000180030001;73;13;1;OK
FO180030001074;CB000180030001;74;13;2;OK
FO180030001075;CB000180030001;75;13;3;OK
FO180030001076;CB000180030001;76;13;4;OK
FO180030001077;CB000180030001;77;13;5;OK
FO180030001078;CB000180030001;78;13;6;OK
FO180030001079;CB000180030001;79;14;7;OK
FO180030001080;CB000180030001;80;14;8;OK
FO180030001081;CB000180030001;81;14;9;OK
FO180030001082;CB000180030001;82;14;10;OK
FO180030001083;CB000180030001;83;14;11;OK
FO180030001084;CB000180030001;84;14;12;OK
FO180030001085;CB000180030001;85;15;1;OK
FO180030001086;CB000180030001;86;15;2;OK
FO180030001087;CB000180030001;87;15;3;OK
FO180030001088;CB000180030001;88;15;4;OK
FO180030001089;CB000180030001;89;15;5;OK
FO180030001090;CB000180030001;90;15;6;OK
FO180030001091;CB000180030001;91;16;7;OK
FO180030001092;CB000180030001;92;16;8;OK
FO180030001093;CB000180030001;93;16;9;OK
FO180030001094;CB000180030001;94;16;10;OK
FO180030001095;CB000180030001;95;16;11;OK
FO180030001096;CB000180030001;96;16;12;OK
FO180030003002;CB000180030003;2;1;1;OK
FO180030003003;CB000180030003;3;1;2;OK
FO180030003004;CB000180030003;4;1;3;OK
FO180030003005;CB000180030003;5;1;4;OK
FO180030003006;CB000180030003;6;1;5;OK
FO180030003007;CB000180030003;7;1;6;OK
FO180030003008;CB000180030003;8;1;7;OK
FO180030003009;CB000180030003;9;1;8;OK
FO180030003010;CB000180030003;10;1;9;OK
FO180030003011;CB000180030003;11;1;10;OK
FO180030003012;CB000180030003;12;1;11;OK
FO180030003013;CB000180030003;13;2;12;OK
FO180030003014;CB000180030003;14;2;1;OK
FO180030003015;CB000180030003;15;2;2;OK
FO180030003016;CB000180030003;16;2;3;OK
FO180030003017;CB000180030003;17;2;4;OK
FO180030003018;CB000180030003;18;2;5;OK
FO180030003019;CB000180030003;19;2;6;OK
FO180030003020;CB000180030003;20;2;7;OK
FO180030003021;CB000180030003;21;2;8;OK
FO180030003022;CB000180030003;22;2;9;OK
FO180030003023;CB000180030003;23;2;10;OK
FO180030003024;CB000180030003;24;2;11;OK
FO180030003025;CB000180030003;25;3;12;OK
FO180030003026;CB000180030003;26;3;1;OK
FO180030003027;CB000180030003;27;3;2;OK
FO180030003028;CB000180030003;28;3;3;OK
FO180030003029;CB000180030003;29;3;4;OK
FO180030003030;CB000180030003;30;3;5;OK
FO180030003031;CB000180030003;31;3;6;OK
FO180030003032;CB000180030003;32;3;7;OK
FO180030003033;CB000180030003;33;3;8;OK
FO180030003034;CB000180030003;34;3;9;OK
FO180030003035;CB000180030003;35;3;10;OK
FO180030003036;CB000180030003;36;3;11;OK
FO180030003037;CB000180030003;37;4;12;OK
FO180030003038;CB000180030003;38;4;2;OK
FO180030003039;CB000180030003;39;4;3;OK
FO180030003040;CB000180030003;40;4;4;OK
FO180030003041;CB000180030003;41;4;5;OK
FO180030003042;CB000180030003;42;4;6;OK
FO180030003043;CB000180030003;43;4;7;OK
FO180030003044;CB000180030003;44;4;8;OK
FO180030003045;CB000180030003;45;4;9;OK
FO180030003046;CB000180030003;46;4;10;OK
FO180030003047;CB000180030003;47;4;11;OK
FO180030003048;CB000180030003;48;4;12;OK
FO180030003049;CB000180030003;49;5;1;OK
FO180030003050;CB000180030003;50;5;2;OK
FO180030003051;CB000180030003;51;5;3;OK
FO180030003052;CB000180030003;52;5;4;OK
FO180030003053;CB000180030003;53;5;5;OK
FO180030003054;CB000180030003;54;5;6;OK
FO180030003055;CB000180030003;55;5;7;OK
FO180030003056;CB000180030003;56;5;8;OK
FO180030003057;CB000180030003;57;5;9;OK
FO180030003058;CB000180030003;58;5;10;OK
FO180030003059;CB000180030003;59;5;11;OK
FO180030003060;CB000180030003;60;5;12;OK
FO180030003061;CB000180030003;61;6;1;OK
FO180030003062;CB000180030003;62;6;2;OK
FO180030003063;CB000180030003;63;6;3;OK
FO180030003064;CB000180030003;64;6;4;OK
FO180030003065;CB000180030003;65;6;5;OK
FO180030003066;CB000180030003;66;6;6;OK
FO180030003067;CB000180030003;67;6;7;OK
FO180030003068;CB000180030003;68;6;8;OK
FO180030003069;CB000180030003;69;6;9;OK
FO180030003070;CB000180030003;70;6;10;OK
FO180030003071;CB000180030003;71;6;11;OK
FO180030003072;CB000180030003;72;6;12;OK
FO180030003073;CB000180030003;73;7;1;OK
FO180030003074;CB000180030003;74;7;2;OK
FO180030003075;CB000180030003;75;7;3;OK
FO180030003076;CB000180030003;76;7;4;OK
FO180030003077;CB000180030003;77;7;5;OK
FO180030003078;CB000180030003;78;7;6;OK
FO180030003079;CB000180030003;79;7;7;OK
FO180030003080;CB000180030003;80;7;8;OK
FO180030003081;CB000180030003;81;7;9;OK
FO180030003082;CB000180030003;82;7;10;OK
FO180030003083;CB000180030003;83;7;11;OK
FO180030003084;CB000180030003;84;7;12;OK
FO180030003085;CB000180030003;85;8;1;OK
FO180030003086;CB000180030003;86;8;2;OK
FO180030003087;CB000180030003;87;8;3;OK
FO180030003088;CB000180030003;88;8;4;OK
FO180030003089;CB000180030003;89;8;5;OK
FO180030003090;CB000180030003;90;8;6;OK
FO180030003091;CB000180030003;91;8;7;OK
FO180030003092;CB000180030003;92;8;8;OK
FO180030003093;CB000180030003;93;8;9;OK
FO180030003094;CB000180030003;94;8;10;OK
FO180030003095;CB000180030003;95;8;11;OK
FO180030003096;CB000180030003;96;8;12;OK
FO180030007001;CB000180030007;1;1;1;OK
FO180030007002;CB000180030007;2;1;2;OK
FO180030007003;CB000180030007;3;1;3;OK
FO180030007004;CB000180030007;4;1;4;OK
FO180030007005;CB000180030007;5;1;5;OK
FO180030007006;CB000180030007;6;1;6;OK
FO180030007007;CB000180030007;7;1;7;OK
FO180030007008;CB000180030007;8;1;8;OK
FO180030007009;CB000180030007;9;1;9;OK
FO180030007010;CB000180030007;10;1;10;OK
FO180030007011;CB000180030007;11;1;11;OK
FO180030007012;CB000180030007;12;1;12;OK
FO180030007013;CB000180030007;13;2;1;OK
FO180030007014;CB000180030007;14;2;2;OK
FO180030007015;CB000180030007;15;2;3;OK
FO180030007016;CB000180030007;16;2;4;OK
FO180030007017;CB000180030007;17;2;5;OK
FO180030007018;CB000180030007;18;2;6;OK
FO180030007019;CB000180030007;19;2;7;OK
FO180030007020;CB000180030007;20;2;8;OK
FO180030007021;CB000180030007;21;2;9;OK
FO180030007022;CB000180030007;22;2;10;OK
FO180030007023;CB000180030007;23;2;11;OK
FO180030007024;CB000180030007;24;2;12;OK
FO180030007025;CB000180030007;25;3;1;OK
FO180030007026;CB000180030007;26;3;2;OK
FO180030007027;CB000180030007;27;3;3;OK
FO180030007028;CB000180030007;28;3;4;OK
FO180030007029;CB000180030007;29;3;5;OK
FO180030007030;CB000180030007;30;3;6;OK
FO180030007031;CB000180030007;31;3;7;OK
FO180030007032;CB000180030007;32;3;8;OK
FO180030007033;CB000180030007;33;3;9;OK
FO180030007034;CB000180030007;34;3;10;OK
FO180030007035;CB000180030007;35;3;11;OK
FO180030007036;CB000180030007;36;3;12;OK
FO180030007037;CB000180030007;37;4;1;OK
FO180030007038;CB000180030007;38;4;2;OK
FO180030007039;CB000180030007;39;4;3;OK
FO180030007040;CB000180030007;40;4;4;OK
FO180030007041;CB000180030007;41;4;5;OK
FO180030007042;CB000180030007;42;4;6;OK
FO180030007043;CB000180030007;43;4;7;OK
FO180030007044;CB000180030007;44;4;8;OK
FO180030007045;CB000180030007;45;4;9;OK
FO180030007046;CB000180030007;46;4;10;OK
FO180030007047;CB000180030007;47;4;11;OK
FO180030007048;CB000180030007;48;4;12;OK
FO180030007049;CB000180030007;49;5;1;OK
FO180030007050;CB000180030007;50;5;2;OK
FO180030007051;CB000180030007;51;5;3;OK
FO180030007052;CB000180030007;52;5;4;OK
FO180030007053;CB000180030007;53;5;5;OK
FO180030007054;CB000180030007;54;5;6;OK
FO180030007055;CB000180030007;55;5;7;OK
FO180030007056;CB000180030007;56;5;8;OK
FO180030007057;CB000180030007;57;5;9;OK
FO180030007058;CB000180030007;58;5;10;OK
FO180030007059;CB000180030007;59;5;11;OK
FO180030007060;CB000180030007;60;5;12;OK
FO180030007061;CB000180030007;61;6;1;OK
FO180030007062;CB000180030007;62;6;2;OK
FO180030007063;CB000180030007;63;6;3;OK
FO180030007064;CB000180030007;64;6;4;OK
FO180030007065;CB000180030007;65;6;5;OK
FO180030007066;CB000180030007;66;6;6;OK
FO180030007067;CB000180030007;67;6;7;OK
FO180030007068;CB000180030007;68;6;8;OK
FO180030007069;CB000180030007;69;6;9;OK
FO180030007070;CB000180030007;70;6;10;OK
FO180030007071;CB000180030007;71;6;11;OK
FO180030007072;CB000180030007;72;6;12;OK
FO180030007073;CB000180030007;73;7;1;OK
FO180030007074;CB000180030007;74;7;2;OK
FO180030007075;CB000180030007;75;7;3;OK
FO180030007076;CB000180030007;76;7;4;OK
FO180030007077;CB000180030007;77;7;5;OK
FO180030007078;CB000180030007;78;7;6;OK
FO180030007079;CB000180030007;79;7;7;OK
FO180030007080;CB000180030007;80;7;8;OK
FO180030007081;CB000180030007;81;7;9;OK
FO180030007082;CB000180030007;82;7;10;OK
FO180030007083;CB000180030007;83;7;11;OK
FO180030007084;CB000180030007;84;7;12;OK
FO180030007085;CB000180030007;85;8;1;OK
FO180030007086;CB000180030007;86;8;2;OK
FO180030007087;CB000180030007;87;8;3;OK
FO180030007088;CB000180030007;88;8;4;OK
FO180030007089;CB000180030007;89;8;5;OK
FO180030007090;CB000180030007;90;8;6;OK
FO180030007091;CB000180030007;91;8;7;OK
FO180030007092;CB000180030007;92;8;8;OK
FO180030007093;CB000180030007;93;8;9;OK
FO180030007094;CB000180030007;94;8;10;OK
FO180030007095;CB000180030007;95;8;11;OK
FO180030007096;CB000180030007;96;8;12;OK
FO180030329001;CB000180030329;1;1;1;OK
FO180030329002;CB000180030329;2;1;2;OK
FO180030329003;CB000180030329;3;1;3;OK
FO180030329004;CB000180030329;4;1;4;OK
FO180030329005;CB000180030329;5;1;5;OK
FO180030329006;CB000180030329;6;1;6;OK
FO180030329007;CB000180030329;7;2;1;OK
FO180030329008;CB000180030329;8;2;2;OK
FO180030329009;CB000180030329;9;2;3;OK
FO180030329010;CB000180030329;10;2;4;OK
FO180030329011;CB000180030329;11;2;5;OK
FO180030329012;CB000180030329;12;2;6;OK
FO180030341001;CB000180030341;1;1;1;OK
FO180030341002;CB000180030341;2;1;2;OK
FO180030341003;CB000180030341;3;1;3;OK
FO180030341004;CB000180030341;4;1;4;OK
FO180030341005;CB000180030341;5;1;5;OK
FO180030341006;CB000180030341;6;1;6;OK
FO180030341007;CB000180030341;7;2;1;OK
FO180030341008;CB000180030341;8;2;2;OK
FO180030341009;CB000180030341;9;2;3;OK
FO180030341010;CB000180030341;10;2;4;OK
FO180030341011;CB000180030341;11;2;5;OK
FO180030341012;CB000180030341;12;2;6;OK
FO180030341013;CB000180030341;13;3;1;OK
FO180030341014;CB000180030341;14;3;2;OK
FO180030341015;CB000180030341;15;3;3;OK
FO180030341016;CB000180030341;16;3;4;OK
FO180030341017;CB000180030341;17;3;5;OK
FO180030341018;CB000180030341;18;3;6;OK
FO180030341019;CB000180030341;19;4;1;OK
FO180030341020;CB000180030341;20;4;2;OK
FO180030341021;CB000180030341;21;4;3;OK
FO180030341022;CB000180030341;22;4;4;OK
FO180030341023;CB000180030341;23;4;5;OK
FO180030341024;CB000180030341;24;4;6;OK
FO180030739001;CB000180030739;1;1;1;OK
FO180030739002;CB000180030739;2;1;2;OK
FO180030739003;CB000180030739;3;1;3;OK
FO180030739004;CB000180030739;4;1;4;OK
FO180030739005;CB000180030739;5;1;5;OK
FO180030739006;CB000180030739;6;1;6;OK
FO180030739007;CB000180030739;7;2;1;OK
FO180030739008;CB000180030739;8;2;2;OK
FO180030739009;CB000180030739;9;2;3;OK
FO180030739010;CB000180030739;10;2;4;OK
FO180030739011;CB000180030739;11;2;5;OK
FO180030739012;CB000180030739;12;2;6;OK
FO180030739013;CB000180030739;13;3;1;OK
FO180030739014;CB000180030739;14;3;2;OK
FO180030739015;CB000180030739;15;3;3;OK
FO180030739016;CB000180030739;16;3;4;OK
FO180030739017;CB000180030739;17;3;5;OK
FO180030739018;CB000180030739;18;3;6;OK
FO180030739019;CB000180030739;19;4;1;OK
FO180030739020;CB000180030739;20;4;2;OK
FO180030739021;CB000180030739;21;4;3;OK
FO180030739022;CB000180030739;22;4;4;OK
FO180030739023;CB000180030739;23;4;5;OK
FO180030739024;CB000180030739;24;4;6;OK
FO180030739025;CB000180030739;25;5;1;OK
FO180030739026;CB000180030739;26;5;2;OK
FO180030739027;CB000180030739;27;5;3;OK
FO180030739028;CB000180030739;28;5;4;OK
FO180030739029;CB000180030739;29;5;5;OK
FO180030739030;CB000180030739;30;5;6;OK
FO180030739031;CB000180030739;31;6;1;OK
FO180030739032;CB000180030739;32;6;2;OK
FO180030739033;CB000180030739;33;6;3;OK
FO180030739034;CB000180030739;34;6;4;OK
FO180030739035;CB000180030739;35;6;5;OK
FO180030739036;CB000180030739;36;6;6;OK
FO180030916001;CB000180030916;1;1;1;OK
FO180030916002;CB000180030916;2;1;2;OK
FO180030916003;CB000180030916;3;1;3;OK
FO180030916004;CB000180030916;4;1;4;OK
FO180030916005;CB000180030916;5;1;5;OK
FO180030916006;CB000180030916;6;1;6;OK
FO180030916007;CB000180030916;7;1;7;OK
FO180030916008;CB000180030916;8;1;8;OK
FO180030916009;CB000180030916;9;1;9;OK
FO180030916010;CB000180030916;10;1;10;OK
FO180030916011;CB000180030916;11;1;11;OK
FO180030916012;CB000180030916;12;1;12;OK
FO180030916013;CB000180030916;13;2;1;OK
FO180030916014;CB000180030916;14;2;2;OK
FO180030916015;CB000180030916;15;2;3;OK
FO180030916016;CB000180030916;16;2;4;OK
FO180030916017;CB000180030916;17;2;5;OK
FO180030916018;CB000180030916;18;2;6;OK
FO180030916019;CB000180030916;19;2;7;OK
FO180030916020;CB000180030916;20;2;8;OK
FO180030916021;CB000180030916;21;2;9;OK
FO180030916022;CB000180030916;22;2;10;OK
FO180030916023;CB000180030916;23;2;11;OK
FO180030916024;CB000180030916;24;2;12;OK
FO180030916025;CB000180030916;25;3;1;OK
FO180030916026;CB000180030916;26;3;2;OK
FO180030916027;CB000180030916;27;3;3;OK
FO180030916028;CB000180030916;28;3;4;OK
FO180030916029;CB000180030916;29;3;5;OK
FO180030916030;CB000180030916;30;3;6;OK
FO180030916031;CB000180030916;31;3;7;OK
FO180030916032;CB000180030916;32;3;8;OK
FO180030916033;CB000180030916;33;3;9;OK
FO180030916034;CB000180030916;34;3;10;OK
FO180030916035;CB000180030916;35;3;11;OK
FO180030916036;CB000180030916;36;3;12;OK
FO180030916037;CB000180030916;37;4;1;OK
FO180030916038;CB000180030916;38;4;2;OK
FO180030916039;CB000180030916;39;4;3;OK
FO180030916040;CB000180030916;40;4;4;OK
FO180030916041;CB000180030916;41;4;5;OK
FO180030916042;CB000180030916;42;4;6;OK
FO180030916043;CB000180030916;43;4;7;OK
FO180030916044;CB000180030916;44;4;8;OK
FO180030916045;CB000180030916;45;4;9;OK
FO180030916046;CB000180030916;46;4;10;OK
FO180030916047;CB000180030916;47;4;11;OK
FO180030916048;CB000180030916;48;4;12;OK
FO180030975001;CB000180030975;1;1;1;OK
FO180030975002;CB000180030975;2;1;2;OK
FO180030975003;CB000180030975;3;1;3;OK
FO180030975004;CB000180030975;4;1;4;OK
FO180030975005;CB000180030975;5;1;5;OK
FO180030975006;CB000180030975;6;1;6;OK
FO180030975007;CB000180030975;7;2;1;OK
FO180030975008;CB000180030975;8;2;2;OK
FO180030975009;CB000180030975;9;2;3;OK
FO180030975010;CB000180030975;10;2;4;OK
FO180030975011;CB000180030975;11;2;5;OK
FO180030975012;CB000180030975;12;2;6;OK
FO180030975013;CB000180030975;13;3;1;OK
FO180030975014;CB000180030975;14;3;2;OK
FO180030975015;CB000180030975;15;3;3;OK
FO180030975016;CB000180030975;16;3;4;OK
FO180030975017;CB000180030975;17;3;5;OK
FO180030975018;CB000180030975;18;3;6;OK
FO180030975019;CB000180030975;19;4;1;OK
FO180030975020;CB000180030975;20;4;2;OK
FO180030975021;CB000180030975;21;4;3;OK
FO180030975022;CB000180030975;22;4;4;OK
FO180030975023;CB000180030975;23;4;5;OK
FO180030975024;CB000180030975;24;4;6;OK
FO180030975025;CB000180030975;25;5;1;OK
FO180030975026;CB000180030975;26;5;2;OK
FO180030975027;CB000180030975;27;5;3;OK
FO180030975028;CB000180030975;28;5;4;OK
FO180030975029;CB000180030975;29;5;5;OK
FO180030975030;CB000180030975;30;5;6;OK
FO180030975031;CB000180030975;31;6;1;OK
FO180030975032;CB000180030975;32;6;2;OK
FO180030975033;CB000180030975;33;6;3;OK
FO180030975034;CB000180030975;34;6;4;OK
FO180030975035;CB000180030975;35;6;5;OK
FO180030975036;CB000180030975;36;6;6;OK
FO180030975037;CB000180030975;37;7;1;OK
FO180030975038;CB000180030975;38;7;2;OK
FO180030975039;CB000180030975;39;7;3;OK
FO180030975040;CB000180030975;40;7;4;OK
FO180030975041;CB000180030975;41;7;5;OK
FO180030975042;CB000180030975;42;7;6;OK
FO180030975043;CB000180030975;43;8;1;OK
FO180030975044;CB000180030975;44;8;2;OK
FO180030975045;CB000180030975;45;8;3;OK
FO180030975046;CB000180030975;46;8;4;OK
FO180030975047;CB000180030975;47;8;5;OK
FO180030975048;CB000180030975;48;8;6;OK
FO180030052378;CB000180030917;1;1;1;OK
FO180030052379;CB000180030917;2;1;2;OK
FO180030052380;CB000180030917;3;1;3;OK
FO180030052381;CB000180030917;4;1;4;OK
FO180030052382;CB000180030917;5;1;5;OK
FO180030052383;CB000180030917;6;1;6;OK
FO180030052384;CB000180030917;7;1;7;OK
FO180030052385;CB000180030917;8;1;8;OK
FO180030052386;CB000180030917;9;1;9;OK
FO180030052387;CB000180030917;10;1;10;OK
FO180030052388;CB000180030917;11;1;11;OK
FO180030052389;CB000180030917;12;1;12;OK
FO180030052390;CB000180030917;13;2;1;OK
FO180030052391;CB000180030917;14;2;2;OK
FO180030052392;CB000180030917;15;2;3;OK
FO180030052393;CB000180030917;16;2;4;OK
FO180030052394;CB000180030917;17;2;5;OK
FO180030052395;CB000180030917;18;2;6;OK
FO180030052396;CB000180030917;19;2;7;OK
FO180030052397;CB000180030917;20;2;8;OK
FO180030052398;CB000180030917;21;2;9;OK
FO180030052399;CB000180030917;22;2;10;OK
FO180030052400;CB000180030917;23;2;11;OK
FO180030052401;CB000180030917;24;2;12;OK
