ps_code;ps_1;ps_2;ps_numero;ps_cs_code;ps_type;ps_fonct;ps_ti_code
PS180033874993;FO180030739001;;1;CS001800306762;CSP;AT;
PS180033874994;FO180030739002;;2;CS001800306762;CSP;AT;
PS180033874995;FO180030739003;;3;CS001800306762;CSP;AT;
PS180033874996;FO180030739004;;4;CS001800306762;CSP;AT;
PS180033874997;FO180030739005;;5;CS001800306762;CSP;AT;
PS180033874998;FO180030739006;;6;CS001800306762;CSP;AT;
PS180033874999;FO180030739007;;7;CS001800306762;CSP;AT;
PS180033875000;FO180030739008;;8;CS001800306762;CSP;AT;
PS180033875001;FO180030739009;;9;CS001800306762;CSP;AT;
PS180033875002;FO180030739010;;10;CS001800306762;CSP;AT;
PS180033875003;FO180030739011;;11;CS001800306762;CSP;AT;
PS180033875004;FO180030739012;;12;CS001800306762;CSP;AT;
PS180033875005;FO180030739013;;13;CS001800306762;CSP;AT;
PS180033875006;FO180030739014;;14;CS001800306762;CSP;AT;
PS180033875007;FO180030739015;;15;CS001800306762;CSP;AT;
PS180033875008;FO180030739016;;16;CS001800306762;CSP;AT;
PS180033875009;FO180030739017;;17;CS001800306762;CSP;AT;
PS180033875010;FO180030739018;;18;CS001800306762;CSP;AT;
PS180033875011;FO180030739019;;1;CS001800306761;CSP;AT;
PS180033875012;FO180030739020;;2;CS001800306761;CSP;AT;
PS180033875013;FO180030739021;;3;CS001800306761;CSP;AT;
PS180033875014;FO180030739022;;4;CS001800306761;CSP;AT;
PS180033875015;FO180030739023;;5;CS001800306761;CSP;AT;
PS180033875016;FO180030739024;;6;CS001800306761;CSP;AT;
PS180033875017;FO180030739025;;7;CS001800306761;CSP;AT;
PS180033875018;FO180030739026;;8;CS001800306761;CSP;AT;
PS180033875019;FO180030739027;;9;CS001800306761;CSP;AT;
PS180033875020;FO180030739028;;10;CS001800306761;CSP;AT;
PS180033875021;FO180030739029;;11;CS001800306761;CSP;AT;
PS180033875022;FO180030739030;;12;CS001800306761;CSP;AT;
PS180033875023;FO180030739031;;13;CS001800306761;CSP;AT;
PS180033875024;FO180030739032;;14;CS001800306761;CSP;AT;
PS180033875025;FO180030739033;;15;CS001800306761;CSP;AT;
PS180033875026;FO180030739034;;16;CS001800306761;CSP;AT;
PS180033875027;FO180030739035;;17;CS001800306761;CSP;AT;
PS180033875028;FO180030739036;;18;CS001800306761;CSP;AT;
PS180033875029;FO180030329001;;1;CS001800306751;CSP;AT;
PS180033875030;FO180030329002;;2;CS001800306751;CSP;AT;
PS180033875031;FO180030329003;;3;CS001800306751;CSP;AT;
PS180033875032;FO180030329004;;4;CS001800306751;CSP;AT;
PS180033875033;FO180030329005;;5;CS001800306751;CSP;AT;
PS180033875034;FO180030329006;;6;CS001800306751;CSP;AT;
PS180033875035;FO180030329007;;7;CS001800306751;CSP;AT;
PS180033875036;FO180030329008;;8;CS001800306751;CSP;AT;
PS180033875037;FO180030329009;;9;CS001800306751;CSP;AT;
PS180033875038;FO180030329010;;10;CS001800306751;CSP;AT;
PS180033875039;FO180030329011;;11;CS001800306751;CSP;AT;
PS180033875040;FO180030329012;;12;CS001800306751;CSP;AT;
PS180033875041;FO180030975001;FO180030739001;1;CS001800309764;CSP;EP;
PS180033875042;FO180030975002;FO180030739002;2;CS001800309764;CSP;EP;
PS180033875043;FO180030975003;FO180030739003;3;CS001800309764;CSP;EP;
PS180033875044;FO180030975004;FO180030739004;4;CS001800309764;CSP;EP;
PS180033875045;FO180030975005;FO180030739005;5;CS001800309764;CSP;EP;
PS180033875046;FO180030975006;FO180030739006;6;CS001800309764;CSP;EP;
PS180033875047;FO180030975007;FO180030739007;7;CS001800309764;CSP;EP;
PS180033875048;FO180030975008;FO180030739008;8;CS001800309764;CSP;EP;
PS180033875049;FO180030975009;FO180030739009;9;CS001800309764;CSP;EP;
PS180033875050;FO180030975010;FO180030739010;10;CS001800309764;CSP;EP;
PS180033875051;FO180030975011;FO180030739011;11;CS001800309764;CSP;EP;
PS180033875052;FO180030975012;FO180030739012;12;CS001800309764;CSP;EP;
PS180033875053;FO180030975013;FO180030739013;1;CS001800309762;CSP;EP;
PS180033875054;FO180030975014;FO180030739014;2;CS001800309762;CSP;EP;
PS180033875055;FO180030975015;FO180030739015;3;CS001800309762;CSP;EP;
PS180033875056;FO180030975016;FO180030739016;4;CS001800309762;CSP;EP;
PS180033875057;FO180030975017;FO180030739017;5;CS001800309762;CSP;EP;
PS180033875058;FO180030975018;FO180030739018;6;CS001800309762;CSP;EP;
PS180033875059;FO180030975019;FO180030739019;7;CS001800309762;CSP;EP;
PS180033875060;FO180030975020;FO180030739020;8;CS001800309762;CSP;EP;
PS180033875061;FO180030975021;FO180030739021;9;CS001800309762;CSP;EP;
PS180033875062;FO180030975022;FO180030739022;10;CS001800309762;CSP;EP;
PS180033875063;FO180030975023;FO180030739023;11;CS001800309762;CSP;EP;
PS180033875064;FO180030975024;FO180030739024;12;CS001800309762;CSP;EP;
PS180033875065;FO180030975025;FO180030739025;1;CS001800309763;CSP;EP;
PS180033875066;FO180030975026;FO180030739026;2;CS001800309763;CSP;EP;
PS180033875067;FO180030975027;FO180030739027;3;CS001800309763;CSP;EP;
PS180033875068;FO180030975028;FO180030739028;4;CS001800309763;CSP;EP;
PS180033875069;FO180030975029;FO180030739029;5;CS001800309763;CSP;EP;
PS180033875070;FO180030975030;FO180030739030;6;CS001800309763;CSP;EP;
PS180033875071;FO180030975031;FO180030739031;7;CS001800309763;CSP;EP;
PS180033875072;FO180030975032;FO180030739032;8;CS001800309763;CSP;EP;
PS180033875073;FO180030975033;FO180030739033;9;CS001800309763;CSP;EP;
PS180033875074;FO180030975034;FO180030739034;10;CS001800309763;CSP;EP;
PS180033875075;FO180030975035;FO180030739035;11;CS001800309763;CSP;EP;
PS180033875076;FO180030975036;FO180030739036;12;CS001800309763;CSP;EP;
PS180033875077;FO180030975037;FO180030329001;1;CS001800309761;CSP;EP;
PS180033875078;FO180030975038;FO180030329002;2;CS001800309761;CSP;EP;
PS180033875079;FO180030975039;FO180030329003;3;CS001800309761;CSP;EP;
PS180033875080;FO180030975040;FO180030329004;4;CS001800309761;CSP;EP;
PS180033875081;FO180030975041;FO180030329005;5;CS001800309761;CSP;EP;
PS180033875082;FO180030975042;FO180030329006;6;CS001800309761;CSP;EP;
PS180033875083;FO180030975043;FO180030329007;7;CS001800309761;CSP;EP;
PS180033875084;FO180030975044;FO180030329008;8;CS001800309761;CSP;EP;
PS180033875085;FO180030975045;FO180030329009;9;CS001800309761;CSP;EP;
PS180033875086;FO180030975046;FO180030329010;10;CS001800309761;CSP;EP;
PS180033875087;FO180030975047;FO180030329011;11;CS001800309761;CSP;EP;
PS180033875088;FO180030975048;FO180030329012;12;CS001800309761;CSP;EP;
PS180033875089;FO180030348921;;1;CS001800307051;CSP;AT;
PS180033875090;FO180030343423;;2;CS001800307051;CSP;AT;
PS180033875091;FO180033738829;;3;CS001800307051;CSP;AT;
PS180033875092;FO180036324739;;4;CS001800307051;CSP;AT;
PS180033875093;FO180039348921;;5;CS001800307051;CSP;AT;
PS180033875094;FO180031348921;;6;CS001800307051;CSP;AT;
PS180033875095;FO340030348921;;7;CS001800307051;CSP;AT;
PS180033875096;FO320030348921;;8;CS001800307051;CSP;AT;
PS180033875097;F6180030348921;;9;CS001800307051;CSP;AT;
PS180033875098;FO180930348921;;10;CS001800307051;CSP;AT;
PS180033875099;FO180990948921;;11;CS001800307051;CSP;AT;
PS180033875100;FO180030334343;;12;CS001800307051;CSP;AT;
PS180033875101;FO180034343423;;1;CS001800307052;CSP;AT;
PS180033875102;FO180232413423;;2;CS001800307052;CSP;AT;
PS180033875103;FO180938930283;;3;CS001800307052;CSP;AT;
PS180033875104;FO163723894832;;4;CS001800307052;CSP;AT;
PS180033875105;FO173289392323;;5;CS001800307052;CSP;AT;
PS180033875106;FO187238939242;;6;CS001800307052;CSP;AT;
PS180033875107;FO902843883823;;7;CS001800307052;CSP;AT;
PS180033875108;FO164638382323;;8;CS001800307052;CSP;AT;
PS180033875109;FO636678326633;;9;CS001800307052;CSP;AT;
PS180033875110;FO190898989899;;10;CS001800307052;CSP;AT;
PS180033875111;FO623728388233;;11;CS001800307052;CSP;AT;
PS180033875112;FO167382893233;;12;CS001800307052;CSP;AT;
PS180033875113;FO180030003001;FO180030001001;1;CS001800307142;CSP;EP;
PS180033875114;FO180030003002;FO180030001002;2;CS001800307142;CSP;EP;
PS180033875115;FO180030003003;FO180030001003;3;CS001800307142;CSP;EP;
PS180033875116;FO180030003004;FO180030001004;4;CS001800307142;CSP;EP;
PS180033875117;FO180030003005;FO180030001005;5;CS001800307142;CSP;EP;
PS180033875118;FO180030003006;FO180030001006;6;CS001800307142;CSP;EP;
PS180033875119;FO180030003007;FO180030001007;7;CS001800307142;CSP;EP;
PS180033875120;FO180030003008;FO180030001008;8;CS001800307142;CSP;EP;
PS180033875121;FO180030003009;FO180030001009;9;CS001800307142;CSP;EP;
PS180033875122;FO180030003010;FO180030001010;10;CS001800307142;CSP;EP;
PS180033875123;FO180030003011;FO180030001011;11;CS001800307142;CSP;EP;
PS180033875124;FO180030003012;FO180030001012;12;CS001800307142;CSP;EP;
PS180033875125;FO180030003013;FO180030001013;13;CS001800307142;CSP;EP;
PS180033875126;FO180030003014;FO180030001014;14;CS001800307142;CSP;EP;
PS180033875127;FO180030003015;FO180030001015;15;CS001800307142;CSP;EP;
PS180033875128;FO180030003016;FO180030001016;16;CS001800307142;CSP;EP;
PS180033875129;FO180030003017;FO180030001017;17;CS001800307142;CSP;EP;
PS180033875130;FO180030003018;FO180030001018;18;CS001800307142;CSP;EP;
PS180033875131;FO180030003019;FO180030001019;19;CS001800307142;CSP;EP;
PS180033875132;FO180030003020;FO180030001020;20;CS001800307142;CSP;EP;
PS180033875133;FO180030003021;FO180030001021;21;CS001800307142;CSP;EP;
PS180033875134;FO180030003022;FO180030001022;22;CS001800307142;CSP;EP;
PS180033875135;FO180030003023;FO180030001023;23;CS001800307142;CSP;EP;
PS180033875136;FO180030003024;FO180030001024;24;CS001800307142;CSP;EP;
PS180033875137;FO180030003025;FO180030001025;25;CS001800307142;CSP;EP;
PS180033875138;FO180030003026;FO180030001026;26;CS001800307142;CSP;EP;
PS180033875139;FO180030003027;FO180030001027;27;CS001800307142;CSP;EP;
PS180033875140;FO180030003028;FO180030001028;28;CS001800307142;CSP;EP;
PS180033875141;FO180030003029;FO180030001029;29;CS001800307142;CSP;EP;
PS180033875142;FO180030003030;FO180030001030;30;CS001800307142;CSP;EP;
PS180033875143;FO180030003031;FO180030001031;31;CS001800307142;CSP;EP;
PS180033875144;FO180030003032;FO180030001032;32;CS001800307142;CSP;EP;
PS180033875145;FO180030003033;FO180030001033;33;CS001800307142;CSP;EP;
PS180033875146;FO180030003034;FO180030001034;34;CS001800307142;CSP;EP;
PS180033875147;FO180030003035;FO180030001035;35;CS001800307142;CSP;EP;
PS180033875148;FO180030003036;FO180030001036;36;CS001800307142;CSP;EP;
PS180033875149;FO180030003037;FO180030001037;37;CS001800307142;CSP;EP;
PS180033875150;FO180030003038;FO180030001038;38;CS001800307142;CSP;EP;
PS180033875151;FO180030003039;FO180030001039;39;CS001800307142;CSP;EP;
PS180033875152;FO180030003040;FO180030001040;40;CS001800307142;CSP;EP;
PS180033875153;FO180030003041;FO180030001041;41;CS001800307142;CSP;EP;
PS180033875154;FO180030003042;FO180030001042;42;CS001800307142;CSP;EP;
PS180033875155;FO180030003043;FO180030001043;43;CS001800307142;CSP;EP;
PS180033875156;FO180030003044;FO180030001044;44;CS001800307142;CSP;EP;
PS180033875157;FO180030003045;FO180030001045;45;CS001800307142;CSP;EP;
PS180033875158;FO180030003046;FO180030001046;46;CS001800307142;CSP;EP;
PS180033875159;FO180030003047;FO180030001047;47;CS001800307142;CSP;EP;
PS180033875160;FO180030003048;FO180030001048;48;CS001800307142;CSP;EP;
PS180033875161;FO180030003049;FO180030001049;49;CS001800307142;CSP;EP;
PS180033875162;FO180030003050;FO180030001050;50;CS001800307142;CSP;EP;
PS180033875163;FO180030003051;FO180030001051;51;CS001800307142;CSP;EP;
PS180033875164;FO180030003052;FO180030001052;52;CS001800307142;CSP;EP;
PS180033875165;FO180030003053;FO180030001053;53;CS001800307142;CSP;EP;
PS180033875166;FO180030003054;FO180030001054;54;CS001800307142;CSP;EP;
PS180033875167;FO180030003055;FO180030001055;55;CS001800307142;CSP;EP;
PS180033875168;FO180030003056;FO180030001056;56;CS001800307142;CSP;EP;
PS180033875169;FO180030003057;FO180030001057;57;CS001800307142;CSP;EP;
PS180033875170;FO180030003058;FO180030001058;58;CS001800307142;CSP;EP;
PS180033875171;FO180030003059;FO180030001059;59;CS001800307142;CSP;EP;
PS180033875172;FO180030003060;FO180030001060;60;CS001800307142;CSP;EP;
PS180033875173;FO180030003061;FO180030001061;61;CS001800307142;CSP;EP;
PS180033875174;FO180030003062;FO180030001062;62;CS001800307142;CSP;EP;
PS180033875175;FO180030003063;FO180030001063;63;CS001800307142;CSP;EP;
PS180033875176;FO180030003064;FO180030001064;64;CS001800307142;CSP;EP;
PS180033875177;FO180030003065;FO180030001065;65;CS001800307142;CSP;EP;
PS180033875178;FO180030003066;FO180030001066;66;CS001800307142;CSP;EP;
PS180033875179;FO180030003067;FO180030001067;67;CS001800307142;CSP;EP;
PS180033875180;FO180030003068;FO180030001068;68;CS001800307142;CSP;EP;
PS180033875181;FO180030003069;FO180030001069;69;CS001800307142;CSP;EP;
PS180033875182;FO180030003070;FO180030001070;70;CS001800307142;CSP;EP;
PS180033875183;FO180030003071;FO180030001071;71;CS001800307142;CSP;EP;
PS180033875184;FO180030003072;FO180030001072;72;CS001800307142;CSP;EP;
PS180033875185;FO180030003073;FO180030001073;73;CS001800307142;CSP;EP;
PS180033875186;FO180030003074;FO180030001074;74;CS001800307142;CSP;EP;
PS180033875187;FO180030003075;FO180030001075;75;CS001800307142;CSP;EP;
PS180033875188;FO180030003076;FO180030001076;76;CS001800307142;CSP;EP;
PS180033875189;FO180030003077;FO180030001077;77;CS001800307142;CSP;EP;
PS180033875190;FO180030003078;FO180030001078;78;CS001800307142;CSP;EP;
PS180033875191;FO180030003079;FO180030001079;79;CS001800307142;CSP;EP;
PS180033875192;FO180030003080;FO180030001080;80;CS001800307142;CSP;EP;
PS180033875193;FO180030003081;FO180030001081;81;CS001800307142;CSP;EP;
PS180033875194;FO180030003082;FO180030001082;82;CS001800307142;CSP;EP;
PS180033875195;FO180030003083;FO180030001083;83;CS001800307142;CSP;EP;
PS180033875196;FO180030003084;FO180030001084;84;CS001800307142;CSP;EP;
PS180033875197;FO180030003085;FO180030001085;85;CS001800307142;CSP;EP;
PS180033875198;FO180030003086;FO180030001086;86;CS001800307142;CSP;EP;
PS180033875199;FO180030003087;FO180030001087;87;CS001800307142;CSP;EP;
PS180033875200;FO180030003088;FO180030001088;88;CS001800307142;CSP;EP;
PS180033875201;FO180030003089;FO180030001089;89;CS001800307142;CSP;EP;
PS180033875202;FO180030003090;FO180030001090;90;CS001800307142;CSP;EP;
PS180033875203;FO180030003091;FO180030001091;91;CS001800307142;CSP;EP;
PS180033875204;FO180030003092;FO180030001092;92;CS001800307142;CSP;EP;
PS180033875205;FO180030003093;FO180030001093;93;CS001800307142;CSP;EP;
PS180033875206;FO180030003094;FO180030001094;94;CS001800307142;CSP;EP;
PS180033875207;FO180030003095;FO180030001095;95;CS001800307142;CSP;EP;
PS180033875208;FO180030003096;FO180030001096;96;CS001800307142;CSP;EP;
PS180033875209;FO180030916001;FO180030975001;1;CS001800307141;CSP;EP;
PS180033875210;FO180030916002;FO180030975002;2;CS001800307141;CSP;EP;
PS180033875211;FO180030916003;FO180030975003;3;CS001800307141;CSP;EP;
PS180033875212;FO180030916004;FO180030975004;4;CS001800307141;CSP;EP;
PS180033875213;FO180030916005;FO180030975005;5;CS001800307141;CSP;EP;
PS180033875214;FO180030916006;FO180030975006;6;CS001800307141;CSP;EP;
PS180033875215;FO180030916007;FO180030975007;7;CS001800307141;CSP;EP;
PS180033875216;FO180030916008;FO180030975008;8;CS001800307141;CSP;EP;
PS180033875217;FO180030916009;FO180030975009;9;CS001800307141;CSP;EP;
PS180033875218;FO180030916010;FO180030975010;10;CS001800307141;CSP;EP;
PS180033875219;FO180030916011;FO180030975011;11;CS001800307141;CSP;EP;
PS180033875220;FO180030916012;FO180030975012;12;CS001800307141;CSP;EP;
PS180033875221;FO180030916013;FO180030975013;13;CS001800307141;CSP;EP;
PS180033875222;FO180030916014;FO180030975014;14;CS001800307141;CSP;EP;
PS180033875223;FO180030916015;FO180030975015;15;CS001800307141;CSP;EP;
PS180033875224;FO180030916016;FO180030975016;16;CS001800307141;CSP;EP;
PS180033875225;FO180030916017;FO180030975017;17;CS001800307141;CSP;EP;
PS180033875226;FO180030916018;FO180030975018;18;CS001800307141;CSP;EP;
PS180033875227;FO180030916019;FO180030975019;19;CS001800307141;CSP;EP;
PS180033875228;FO180030916020;FO180030975020;20;CS001800307141;CSP;EP;
PS180033875229;FO180030916021;FO180030975021;21;CS001800307141;CSP;EP;
PS180033875230;FO180030916022;FO180030975022;22;CS001800307141;CSP;EP;
PS180033875231;FO180030916023;FO180030975023;23;CS001800307141;CSP;EP;
PS180033875232;FO180030916024;FO180030975024;24;CS001800307141;CSP;EP;
PS180033875233;FO180030916025;FO180030975025;25;CS001800307141;CSP;EP;
PS180033875234;FO180030916026;FO180030975026;26;CS001800307141;CSP;EP;
PS180033875235;FO180030916027;FO180030975027;27;CS001800307141;CSP;EP;
PS180033875236;FO180030916028;FO180030975028;28;CS001800307141;CSP;EP;
PS180033875237;FO180030916029;FO180030975029;29;CS001800307141;CSP;EP;
PS180033875238;FO180030916030;FO180030975030;30;CS001800307141;CSP;EP;
PS180033875239;FO180030916031;FO180030975031;31;CS001800307141;CSP;EP;
PS180033875240;FO180030916032;FO180030975032;32;CS001800307141;CSP;EP;
PS180033875241;FO180030916033;FO180030975033;33;CS001800307141;CSP;EP;
PS180033875242;FO180030916034;FO180030975034;34;CS001800307141;CSP;EP;
PS180033875243;FO180030916035;FO180030975035;35;CS001800307141;CSP;EP;
PS180033875244;FO180030916036;FO180030975036;36;CS001800307141;CSP;EP;
PS180033875245;FO180030916037;FO180030975037;37;CS001800307141;CSP;EP;
PS180033875246;FO180030916038;FO180030975038;38;CS001800307141;CSP;EP;
PS180033875247;FO180030916039;FO180030975039;39;CS001800307141;CSP;EP;
PS180033875248;FO180030916040;FO180030975040;40;CS001800307141;CSP;EP;
PS180033875249;FO180030916041;FO180030975041;41;CS001800307141;CSP;EP;
PS180033875250;FO180030916042;FO180030975042;42;CS001800307141;CSP;EP;
PS180033875251;FO180030916043;FO180030975043;43;CS001800307141;CSP;EP;
PS180033875252;FO180030916044;FO180030975044;44;CS001800307141;CSP;EP;
PS180033875253;FO180030916045;FO180030975045;45;CS001800307141;CSP;EP;
PS180033875254;FO180030916046;FO180030975046;46;CS001800307141;CSP;EP;
PS180033875255;FO180030916047;FO180030975047;47;CS001800307141;CSP;EP;
PS180033875256;FO180030916048;FO180030975048;48;CS001800307141;CSP;EP;
PS180033875257;FO180030052378;FO180030341001;1;CS001800307143;CSP;EP;
PS180033875258;FO180030052379;FO180030341002;2;CS001800307143;CSP;EP;
PS180033875259;FO180030052380;FO180030341003;3;CS001800307143;CSP;EP;
PS180033875260;FO180030052381;FO180030341004;4;CS001800307143;CSP;EP;
PS180033875261;FO180030052382;FO180030341005;5;CS001800307143;CSP;EP;
PS180033875262;FO180030052383;FO180030341006;6;CS001800307143;CSP;EP;
PS180033875263;FO180030052384;FO180030341007;7;CS001800307143;CSP;EP;
PS180033875264;FO180030052385;FO180030341008;8;CS001800307143;CSP;EP;
PS180033875265;FO180030052386;FO180030341009;9;CS001800307143;CSP;EP;
PS180033875266;FO180030052387;FO180030341010;10;CS001800307143;CSP;EP;
PS180033875267;FO180030052388;FO180030341011;11;CS001800307143;CSP;EP;
PS180033875268;FO180030052389;FO180030341012;12;CS001800307143;CSP;EP;
PS180033875269;FO180030052390;FO180030341013;13;CS001800307143;CSP;EP;
PS180033875270;FO180030052391;FO180030341014;14;CS001800307143;CSP;EP;
PS180033875271;FO180030052392;FO180030341015;15;CS001800307143;CSP;EP;
PS180033875272;FO180030052393;FO180030341016;16;CS001800307143;CSP;EP;
PS180033875273;FO180030052394;FO180030341017;17;CS001800307143;CSP;EP;
PS180033875274;FO180030052395;FO180030341018;18;CS001800307143;CSP;EP;
PS180033875275;FO180030052396;FO180030341019;19;CS001800307143;CSP;EP;
PS180033875276;FO180030052397;FO180030341020;20;CS001800307143;CSP;EP;
PS180033875277;FO180030052398;FO180030341021;21;CS001800307143;CSP;EP;
PS180033875278;FO180030052399;FO180030341022;22;CS001800307143;CSP;EP;
PS180033875279;FO180030052400;FO180030341023;23;CS001800307143;CSP;EP;
PS180033875280;FO180030052401;FO180030341024;24;CS001800307143;CSP;EP;
PS180033875281;;FO180030916001;1;CS001800307144;CSP;CO;TI000180030519
PS180033875282;;FO180030916002;2;CS001800307144;CSP;CO;TI000180030519
PS180033875283;;FO180030916003;3;CS001800307144;CSP;CO;TI000180030519
PS180033875284;;FO180030916004;4;CS001800307144;CSP;CO;TI000180030519
PS180033875285;;FO180030916005;5;CS001800307144;CSP;CO;TI000180030519
PS180033875286;;FO180030916006;6;CS001800307144;CSP;CO;TI000180030519
PS180033875287;;FO180030916007;7;CS001800307144;CSP;CO;TI000180030519
PS180033875288;;FO180030916008;8;CS001800307144;CSP;CO;TI000180030519
PS180033875289;;FO180030916009;9;CS001800307144;CSP;CO;TI000180030519
PS180033875290;;FO180030916010;10;CS001800307144;CSP;CO;TI000180030519
PS180033875291;;FO180030916011;11;CS001800307144;CSP;CO;TI000180030519
PS180033875292;;FO180030916012;12;CS001800307144;CSP;CO;TI000180030519
PS180033875293;;FO180030916013;13;CS001800307144;CSP;CO;TI000180030519
PS180033875294;;FO180030916014;14;CS001800307144;CSP;CO;TI000180030519
PS180033875295;;FO180030916015;15;CS001800307144;CSP;CO;TI000180030519
PS180033875296;;FO180030916016;16;CS001800307144;CSP;CO;TI000180030519
PS180033875297;;FO180030916017;17;CS001800307144;CSP;CO;TI000180030519
PS180033875298;;FO180030916018;18;CS001800307144;CSP;CO;TI000180030519
PS180033875299;;FO180030916019;19;CS001800307144;CSP;CO;TI000180030519
PS180033875300;;FO180030916020;20;CS001800307144;CSP;CO;TI000180030519
PS180033875301;;FO180030916021;21;CS001800307144;CSP;CO;TI000180030519
PS180033875302;;FO180030916022;22;CS001800307144;CSP;CO;TI000180030519
PS180033875303;;FO180030916023;23;CS001800307144;CSP;CO;TI000180030519
PS180033875304;;FO180030916024;24;CS001800307144;CSP;CO;TI000180030519
PS180033875305;;FO180030916025;1;CS001800307145;CSP;CO;TI000180030519
PS180033875306;;FO180030916026;2;CS001800307145;CSP;CO;TI000180030519
PS180033875307;;FO180030916027;3;CS001800307145;CSP;CO;TI000180030519
PS180033875308;;FO180030916028;4;CS001800307145;CSP;CO;TI000180030519
PS180033875309;;FO180030916029;5;CS001800307145;CSP;CO;TI000180030519
PS180033875310;;FO180030916030;6;CS001800307145;CSP;CO;TI000180030519
PS180033875311;;FO180030916031;7;CS001800307145;CSP;CO;TI000180030519
PS180033875312;;FO180030916032;8;CS001800307145;CSP;CO;TI000180030519
PS180033875313;;FO180030916033;9;CS001800307145;CSP;CO;TI000180030519
PS180033875314;;FO180030916034;10;CS001800307145;CSP;CO;TI000180030519
PS180033875315;;FO180030916035;11;CS001800307145;CSP;CO;TI000180030519
PS180033875316;;FO180030916036;12;CS001800307145;CSP;CO;TI000180030519
PS180033875317;;FO180030916037;13;CS001800307145;CSP;CO;TI000180030519
PS180033875318;;FO180030916038;14;CS001800307145;CSP;CO;TI000180030519
PS180033875319;;FO180030916039;15;CS001800307145;CSP;CO;TI000180030519
PS180033875320;;FO180030916040;16;CS001800307145;CSP;CO;TI000180030519
PS180033875321;;FO180030916041;17;CS001800307145;CSP;CO;TI000180030519
PS180033875322;;FO180030916042;18;CS001800307145;CSP;CO;TI000180030519
PS180033875323;;FO180030916043;19;CS001800307145;CSP;CO;TI000180030519
PS180033875324;;FO180030916044;20;CS001800307145;CSP;CO;TI000180030519
PS180033875325;;FO180030916045;21;CS001800307145;CSP;CO;TI000180030519
PS180033875326;;FO180030916046;22;CS001800307145;CSP;CO;TI000180030519
PS180033875327;;FO180030916047;23;CS001800307145;CSP;CO;TI000180030519
PS180033875328;;FO180030916048;24;CS001800307145;CSP;CO;TI000180030519
PS180033875329;;FO180030052378;1;CS001800307146;CSP;CO;TI000180030519
PS180033875330;;FO180030052379;2;CS001800307146;CSP;CO;TI000180030519
PS180033875331;;FO180030052380;3;CS001800307146;CSP;CO;TI000180030519
PS180033875332;;FO180030052381;4;CS001800307146;CSP;CO;TI000180030519
PS180033875333;;FO180030052382;5;CS001800307146;CSP;CO;TI000180030519
PS180033875334;;FO180030052383;6;CS001800307146;CSP;CO;TI000180030519
PS180033875335;;FO180030052384;7;CS001800307146;CSP;CO;TI000180030519
PS180033875336;;FO180030052385;8;CS001800307146;CSP;CO;TI000180030519
PS180033875337;;FO180030052386;9;CS001800307146;CSP;CO;TI000180030519
PS180033875338;;FO180030052387;10;CS001800307146;CSP;CO;TI000180030519
PS180033875339;;FO180030052388;11;CS001800307146;CSP;CO;TI000180030519
PS180033875340;;FO180030052389;12;CS001800307146;CSP;CO;TI000180030519
PS180033875341;;FO180030052390;13;CS001800307146;CSP;CO;TI000180030519
PS180033875342;;FO180030052391;14;CS001800307146;CSP;CO;TI000180030519
PS180033875343;;FO180030052392;15;CS001800307146;CSP;CO;TI000180030519
PS180033875344;;FO180030052393;16;CS001800307146;CSP;CO;TI000180030519
PS180033875345;;FO180030052394;17;CS001800307146;CSP;CO;TI000180030519
PS180033875346;;FO180030052395;18;CS001800307146;CSP;CO;TI000180030519
PS180033875347;;FO180030052396;19;CS001800307146;CSP;CO;TI000180030519
PS180033875348;;FO180030052397;20;CS001800307146;CSP;CO;TI000180030519
PS180033875349;;FO180030052398;21;CS001800307146;CSP;CO;TI000180030519
PS180033875350;;FO180030052399;22;CS001800307146;CSP;CO;TI000180030519
PS180033875351;;FO180030052400;23;CS001800307146;CSP;CO;TI000180030519
PS180033875352;;FO180030052401;24;CS001800307146;CSP;CO;TI000180030519
PS180033875376;FO180030001001;;1;CS001800307147;CSP;CO;TI000180030511
PS180033875377;FO180030001002;;2;CS001800307147;CSP;CO;TI000180030511
PS180033875378;FO180030001003;;3;CS001800307147;CSP;CO;TI000180030511
PS180033875379;FO180030001004;;4;CS001800307147;CSP;CO;TI000180030511
PS180033875380;FO180030001005;;5;CS001800307147;CSP;CO;TI000180030511
PS180033875381;FO180030001006;;6;CS001800307147;CSP;CO;TI000180030511
PS180033875382;FO180030001007;;7;CS001800307147;CSP;CO;TI000180030511
PS180033875383;FO180030001008;;8;CS001800307147;CSP;CO;TI000180030511
PS180033875384;FO180030001009;;9;CS001800307147;CSP;CO;TI000180030511
PS180033875385;FO180030001010;;10;CS001800307147;CSP;CO;TI000180030511
PS180033875386;FO180030001011;;11;CS001800307147;CSP;CO;TI000180030511
PS180033875387;FO180030001012;;12;CS001800307147;CSP;CO;TI000180030511
PS180033875388;FO180030001013;;13;CS001800307147;CSP;CO;TI000180030511
PS180033875389;FO180030001014;;14;CS001800307147;CSP;CO;TI000180030511
PS180033875390;FO180030001015;;15;CS001800307147;CSP;CO;TI000180030511
PS180033875391;FO180030001016;;16;CS001800307147;CSP;CO;TI000180030511
PS180033875392;FO180030001017;;17;CS001800307147;CSP;CO;TI000180030511
PS180033875393;FO180030001018;;18;CS001800307147;CSP;CO;TI000180030511
PS180033875394;FO180030001019;;19;CS001800307147;CSP;CO;TI000180030511
PS180033875395;FO180030001020;;20;CS001800307147;CSP;CO;TI000180030511
PS180033875396;FO180030001021;;21;CS001800307147;CSP;CO;TI000180030511
PS180033875397;FO180030001022;;22;CS001800307147;CSP;CO;TI000180030511
PS180033875398;FO180030001023;;23;CS001800307147;CSP;CO;TI000180030511
PS180033875399;FO180030001024;;24;CS001800307147;CSP;CO;TI000180030511
PS180033875400;FO180030001025;;1;CS001800307148;CSP;CO;TI000180030511
PS180033875401;FO180030001026;;2;CS001800307148;CSP;CO;TI000180030511
PS180033875402;FO180030001027;;3;CS001800307148;CSP;CO;TI000180030511
PS180033875403;FO180030001028;;4;CS001800307148;CSP;CO;TI000180030511
PS180033875404;FO180030001029;;5;CS001800307148;CSP;CO;TI000180030511
PS180033875405;FO180030001030;;6;CS001800307148;CSP;CO;TI000180030511
PS180033875406;FO180030001031;;7;CS001800307148;CSP;CO;TI000180030511
PS180033875407;FO180030001032;;8;CS001800307148;CSP;CO;TI000180030511
PS180033875408;FO180030001033;;9;CS001800307148;CSP;CO;TI000180030511
PS180033875409;FO180030001034;;10;CS001800307148;CSP;CO;TI000180030511
PS180033875410;FO180030001035;;11;CS001800307148;CSP;CO;TI000180030511
PS180033875411;FO180030001036;;12;CS001800307148;CSP;CO;TI000180030511
PS180033875412;FO180030001037;;13;CS001800307148;CSP;CO;TI000180030511
PS180033875413;FO180030001038;;14;CS001800307148;CSP;CO;TI000180030511
PS180033875414;FO180030001039;;15;CS001800307148;CSP;CO;TI000180030511
PS180033875415;FO180030001040;;16;CS001800307148;CSP;CO;TI000180030511
PS180033875416;FO180030001041;;17;CS001800307148;CSP;CO;TI000180030511
PS180033875417;FO180030001042;;18;CS001800307148;CSP;CO;TI000180030511
PS180033875418;FO180030001043;;19;CS001800307148;CSP;CO;TI000180030511
PS180033875419;FO180030001044;;20;CS001800307148;CSP;CO;TI000180030511
PS180033875420;FO180030001045;;21;CS001800307148;CSP;CO;TI000180030511
PS180033875421;FO180030001046;;22;CS001800307148;CSP;CO;TI000180030511
PS180033875422;FO180030001047;;23;CS001800307148;CSP;CO;TI000180030511
PS180033875423;FO180030001048;;24;CS001800307148;CSP;CO;TI000180030511
PS180033875424;FO180030001049;;1;CS001800307149;CSP;CO;TI000180030511
PS180033875425;FO180030001050;;2;CS001800307149;CSP;CO;TI000180030511
PS180033875426;FO180030001051;;3;CS001800307149;CSP;CO;TI000180030511
PS180033875427;FO180030001052;;4;CS001800307149;CSP;CO;TI000180030511
PS180033875428;FO180030001053;;5;CS001800307149;CSP;CO;TI000180030511
PS180033875429;FO180030001054;;6;CS001800307149;CSP;CO;TI000180030511
PS180033875430;FO180030001055;;7;CS001800307149;CSP;CO;TI000180030511
PS180033875431;FO180030001056;;8;CS001800307149;CSP;CO;TI000180030511
PS180033875432;FO180030001057;;9;CS001800307149;CSP;CO;TI000180030511
PS180033875433;FO180030001058;;10;CS001800307149;CSP;CO;TI000180030511
PS180033875434;FO180030001059;;11;CS001800307149;CSP;CO;TI000180030511
PS180033875435;FO180030001060;;12;CS001800307149;CSP;CO;TI000180030511
PS180033875436;FO180030001061;;13;CS001800307149;CSP;CO;TI000180030511
PS180033875437;FO180030001062;;14;CS001800307149;CSP;CO;TI000180030511
PS180033875438;FO180030001063;;15;CS001800307149;CSP;CO;TI000180030511
PS180033875439;FO180030001064;;16;CS001800307149;CSP;CO;TI000180030511
PS180033875440;FO180030001065;;17;CS001800307149;CSP;CO;TI000180030511
PS180033875441;FO180030001066;;18;CS001800307149;CSP;CO;TI000180030511
PS180033875442;FO180030001067;;19;CS001800307149;CSP;CO;TI000180030511
PS180033875443;FO180030001068;;20;CS001800307149;CSP;CO;TI000180030511
PS180033875444;FO180030001069;;21;CS001800307149;CSP;CO;TI000180030511
PS180033875445;FO180030001070;;22;CS001800307149;CSP;CO;TI000180030511
PS180033875446;FO180030001071;;23;CS001800307149;CSP;CO;TI000180030511
PS180033875447;FO180030001072;;24;CS001800307149;CSP;CO;TI000180030511
PS180033875448;FO180030001073;;1;CS001800307150;CSP;CO;TI000180030511
PS180033875449;FO180030001074;;2;CS001800307150;CSP;CO;TI000180030511
PS180033875450;FO180030001075;;3;CS001800307150;CSP;CO;TI000180030511
PS180033875451;FO180030001076;;4;CS001800307150;CSP;CO;TI000180030511
PS180033875452;FO180030001077;;5;CS001800307150;CSP;CO;TI000180030511
PS180033875453;FO180030001078;;6;CS001800307150;CSP;CO;TI000180030511
PS180033875454;FO180030001079;;7;CS001800307150;CSP;CO;TI000180030511
PS180033875455;FO180030001080;;8;CS001800307150;CSP;CO;TI000180030511
PS180033875456;FO180030001081;;9;CS001800307150;CSP;CO;TI000180030511
PS180033875457;FO180030001082;;10;CS001800307150;CSP;CO;TI000180030511
PS180033875458;FO180030001083;;11;CS001800307150;CSP;CO;TI000180030511
PS180033875459;FO180030001084;;12;CS001800307150;CSP;CO;TI000180030511
PS180033875460;FO180030001085;;13;CS001800307150;CSP;CO;TI000180030511
PS180033875461;FO180030001086;;14;CS001800307150;CSP;CO;TI000180030511
PS180033875462;FO180030001087;;15;CS001800307150;CSP;CO;TI000180030511
PS180033875463;FO180030001088;;16;CS001800307150;CSP;CO;TI000180030511
PS180033875464;FO180030001089;;17;CS001800307150;CSP;CO;TI000180030511
PS180033875465;FO180030001090;;18;CS001800307150;CSP;CO;TI000180030511
PS180033875466;FO180030001091;;19;CS001800307150;CSP;CO;TI000180030511
PS180033875467;FO180030001092;;20;CS001800307150;CSP;CO;TI000180030511
PS180033875468;FO180030001093;;21;CS001800307150;CSP;CO;TI000180030511
PS180033875469;FO180030001094;;22;CS001800307150;CSP;CO;TI000180030511
PS180033875470;FO180030001095;;23;CS001800307150;CSP;CO;TI000180030511
PS180033875471;FO180030001096;;24;CS001800307150;CSP;CO;TI000180030511
PS180033875472;FO180030007001;FO180030003001;1;CS001800300911;CSP;EP;
PS180033875473;FO180030007002;FO180030003002;2;CS001800300911;CSP;EP;
PS180033875474;FO180030007003;FO180030003003;3;CS001800300911;CSP;EP;
PS180033875475;FO180030007004;FO180030003004;4;CS001800300911;CSP;EP;
PS180033875476;FO180030007005;FO180030003005;5;CS001800300911;CSP;EP;
PS180033875477;FO180030007006;FO180030003006;6;CS001800300911;CSP;EP;
PS180033875478;FO180030007007;FO180030003007;7;CS001800300911;CSP;EP;
PS180033875479;FO180030007008;FO180030003008;8;CS001800300911;CSP;EP;
PS180033875480;FO180030007009;FO180030003009;9;CS001800300911;CSP;EP;
PS180033875481;FO180030007010;FO180030003010;10;CS001800300911;CSP;EP;
PS180033875482;FO180030007011;FO180030003011;11;CS001800300911;CSP;EP;
PS180033875483;FO180030007012;FO180030003012;12;CS001800300911;CSP;EP;
PS180033875484;FO180030007013;FO180030003013;13;CS001800300911;CSP;EP;
PS180033875485;FO180030007014;FO180030003014;14;CS001800300911;CSP;EP;
PS180033875486;FO180030007015;FO180030003015;15;CS001800300911;CSP;EP;
PS180033875487;FO180030007016;FO180030003016;16;CS001800300911;CSP;EP;
PS180033875488;FO180030007017;FO180030003017;17;CS001800300911;CSP;EP;
PS180033875489;FO180030007018;FO180030003018;18;CS001800300911;CSP;EP;
PS180033875490;FO180030007019;FO180030003019;19;CS001800300911;CSP;EP;
PS180033875491;FO180030007020;FO180030003020;20;CS001800300911;CSP;EP;
PS180033875492;FO180030007021;FO180030003021;21;CS001800300911;CSP;EP;
PS180033875493;FO180030007022;FO180030003022;22;CS001800300911;CSP;EP;
PS180033875494;FO180030007023;FO180030003023;23;CS001800300911;CSP;EP;
PS180033875495;FO180030007024;FO180030003024;24;CS001800300911;CSP;EP;
PS180033875496;FO180030007025;FO180030003025;25;CS001800300911;CSP;EP;
PS180033875497;FO180030007026;FO180030003026;26;CS001800300911;CSP;EP;
PS180033875498;FO180030007027;FO180030003027;27;CS001800300911;CSP;EP;
PS180033875499;FO180030007028;FO180030003028;28;CS001800300911;CSP;EP;
PS180033875500;FO180030007029;FO180030003029;29;CS001800300911;CSP;EP;
PS180033875501;FO180030007030;FO180030003030;30;CS001800300911;CSP;EP;
PS180033875502;FO180030007031;FO180030003031;31;CS001800300911;CSP;EP;
PS180033875503;FO180030007032;FO180030003032;32;CS001800300911;CSP;EP;
PS180033875504;FO180030007033;FO180030003033;33;CS001800300911;CSP;EP;
PS180033875505;FO180030007034;FO180030003034;34;CS001800300911;CSP;EP;
PS180033875506;FO180030007035;FO180030003035;35;CS001800300911;CSP;EP;
PS180033875507;FO180030007036;FO180030003036;36;CS001800300911;CSP;EP;
PS180033875508;FO180030007037;FO180030003037;37;CS001800300911;CSP;EP;
PS180033875509;FO180030007038;FO180030003038;38;CS001800300911;CSP;EP;
PS180033875510;FO180030007039;FO180030003039;39;CS001800300911;CSP;EP;
PS180033875511;FO180030007040;FO180030003040;40;CS001800300911;CSP;EP;
PS180033875512;FO180030007041;FO180030003041;41;CS001800300911;CSP;EP;
PS180033875513;FO180030007042;FO180030003042;42;CS001800300911;CSP;EP;
PS180033875514;FO180030007043;FO180030003043;43;CS001800300911;CSP;EP;
PS180033875515;FO180030007044;FO180030003044;44;CS001800300911;CSP;EP;
PS180033875516;FO180030007045;FO180030003045;45;CS001800300911;CSP;EP;
PS180033875517;FO180030007046;FO180030003046;46;CS001800300911;CSP;EP;
PS180033875518;FO180030007047;FO180030003047;47;CS001800300911;CSP;EP;
PS180033875519;FO180030007048;FO180030003048;48;CS001800300911;CSP;EP;
PS180033875520;FO180030007049;FO180030003049;49;CS001800300911;CSP;EP;
PS180033875521;FO180030007050;FO180030003050;50;CS001800300911;CSP;EP;
PS180033875522;FO180030007051;FO180030003051;51;CS001800300911;CSP;EP;
PS180033875523;FO180030007052;FO180030003052;52;CS001800300911;CSP;EP;
PS180033875524;FO180030007053;FO180030003053;53;CS001800300911;CSP;EP;
PS180033875525;FO180030007054;FO180030003054;54;CS001800300911;CSP;EP;
PS180033875526;FO180030007055;FO180030003055;55;CS001800300911;CSP;EP;
PS180033875527;FO180030007056;FO180030003056;56;CS001800300911;CSP;EP;
PS180033875528;FO180030007057;FO180030003057;57;CS001800300911;CSP;EP;
PS180033875529;FO180030007058;FO180030003058;58;CS001800300911;CSP;EP;
PS180033875530;FO180030007059;FO180030003059;59;CS001800300911;CSP;EP;
PS180033875531;FO180030007060;FO180030003060;60;CS001800300911;CSP;EP;
PS180033875532;FO180030007061;FO180030003061;61;CS001800300911;CSP;EP;
PS180033875533;FO180030007062;FO180030003062;62;CS001800300911;CSP;EP;
PS180033875534;FO180030007063;FO180030003063;63;CS001800300911;CSP;EP;
PS180033875535;FO180030007064;FO180030003064;64;CS001800300911;CSP;EP;
PS180033875536;FO180030007065;FO180030003065;65;CS001800300911;CSP;EP;
PS180033875537;FO180030007066;FO180030003066;66;CS001800300911;CSP;EP;
PS180033875538;FO180030007067;FO180030003067;67;CS001800300911;CSP;EP;
PS180033875539;FO180030007068;FO180030003068;68;CS001800300911;CSP;EP;
PS180033875540;FO180030007069;FO180030003069;69;CS001800300911;CSP;EP;
PS180033875541;FO180030007070;FO180030003070;70;CS001800300911;CSP;EP;
PS180033875542;FO180030007071;FO180030003071;71;CS001800300911;CSP;EP;
PS180033875543;FO180030007072;FO180030003072;72;CS001800300911;CSP;EP;
PS180033875544;FO180030007073;FO180030003073;73;CS001800300911;CSP;EP;
PS180033875545;FO180030007074;FO180030003074;74;CS001800300911;CSP;EP;
PS180033875546;FO180030007075;FO180030003075;75;CS001800300911;CSP;EP;
PS180033875547;FO180030007076;FO180030003076;76;CS001800300911;CSP;EP;
PS180033875548;FO180030007077;FO180030003077;77;CS001800300911;CSP;EP;
PS180033875549;FO180030007078;FO180030003078;78;CS001800300911;CSP;EP;
PS180033875550;FO180030007079;FO180030003079;79;CS001800300911;CSP;EP;
PS180033875551;FO180030007080;FO180030003080;80;CS001800300911;CSP;EP;
PS180033875552;FO180030007081;FO180030003081;81;CS001800300911;CSP;EP;
PS180033875553;FO180030007082;FO180030003082;82;CS001800300911;CSP;EP;
PS180033875554;FO180030007083;FO180030003083;83;CS001800300911;CSP;EP;
PS180033875555;FO180030007084;FO180030003084;84;CS001800300911;CSP;EP;
PS180033875556;FO180030007085;FO180030003085;85;CS001800300911;CSP;EP;
PS180033875557;FO180030007086;FO180030003086;86;CS001800300911;CSP;EP;
PS180033875558;FO180030007087;FO180030003087;87;CS001800300911;CSP;EP;
PS180033875559;FO180030007088;FO180030003088;88;CS001800300911;CSP;EP;
PS180033875560;FO180030007089;FO180030003089;89;CS001800300911;CSP;EP;
PS180033875561;FO180030007090;FO180030003090;90;CS001800300911;CSP;EP;
PS180033875562;FO180030007091;FO180030003091;91;CS001800300911;CSP;EP;
PS180033875563;FO180030007092;FO180030003092;92;CS001800300911;CSP;EP;
PS180033875564;FO180030007093;FO180030003093;93;CS001800300911;CSP;EP;
PS180033875565;FO180030007094;FO180030003094;94;CS001800300911;CSP;EP;
PS180033875566;FO180030007095;FO180030003095;95;CS001800300911;CSP;EP;
PS180033875567;FO180030007096;FO180030003096;96;CS001800300911;CSP;EP;
PS180033875568;;FO180030007001;1;CS001800307148;CSP;CO;TI000180030509
PS180033875569;;FO180030007002;2;CS001800307148;CSP;CO;TI000180030509
PS180033875570;;FO180030007003;3;CS001800307148;CSP;CO;TI000180030509
PS180033875571;;FO180030007004;4;CS001800307148;CSP;CO;TI000180030509
PS180033875572;;FO180030007005;5;CS001800307148;CSP;CO;TI000180030509
PS180033875573;;FO180030007006;6;CS001800307148;CSP;CO;TI000180030509
PS180033875574;;FO180030007007;7;CS001800307148;CSP;CO;TI000180030509
PS180033875575;;FO180030007008;8;CS001800307148;CSP;CO;TI000180030509
PS180033875576;;FO180030007009;9;CS001800307148;CSP;CO;TI000180030509
PS180033875577;;FO180030007010;10;CS001800307148;CSP;CO;TI000180030509
PS180033875578;;FO180030007011;11;CS001800307148;CSP;CO;TI000180030509
PS180033875579;;FO180030007012;12;CS001800307148;CSP;CO;TI000180030509
PS180033875580;;FO180030007013;13;CS001800307148;CSP;CO;TI000180030509
PS180033875581;;FO180030007014;14;CS001800307148;CSP;CO;TI000180030509
PS180033875582;;FO180030007015;15;CS001800307148;CSP;CO;TI000180030509
PS180033875583;;FO180030007016;16;CS001800307148;CSP;CO;TI000180030509
PS180033875584;;FO180030007017;17;CS001800307148;CSP;CO;TI000180030509
PS180033875585;;FO180030007018;18;CS001800307148;CSP;CO;TI000180030509
PS180033875586;;FO180030007019;19;CS001800307148;CSP;CO;TI000180030509
PS180033875587;;FO180030007020;20;CS001800307148;CSP;CO;TI000180030509
PS180033875588;;FO180030007021;21;CS001800307148;CSP;CO;TI000180030509
PS180033875589;;FO180030007022;22;CS001800307148;CSP;CO;TI000180030509
PS180033875590;;FO180030007023;23;CS001800307148;CSP;CO;TI000180030509
PS180033875591;;FO180030007024;24;CS001800307148;CSP;CO;TI000180030509
PS180033875592;;FO180030007025;1;CS001800307149;CSP;CO;TI000180030509
PS180033875593;;FO180030007026;2;CS001800307149;CSP;CO;TI000180030509
PS180033875594;;FO180030007027;3;CS001800307149;CSP;CO;TI000180030509
PS180033875595;;FO180030007028;4;CS001800307149;CSP;CO;TI000180030509
PS180033875596;;FO180030007029;5;CS001800307149;CSP;CO;TI000180030509
PS180033875597;;FO180030007030;6;CS001800307149;CSP;CO;TI000180030509
PS180033875598;;FO180030007031;7;CS001800307149;CSP;CO;TI000180030509
PS180033875599;;FO180030007032;8;CS001800307149;CSP;CO;TI000180030509
PS180033875600;;FO180030007033;9;CS001800307149;CSP;CO;TI000180030509
PS180033875601;;FO180030007034;10;CS001800307149;CSP;CO;TI000180030509
PS180033875602;;FO180030007035;11;CS001800307149;CSP;CO;TI000180030509
PS180033875603;;FO180030007036;12;CS001800307149;CSP;CO;TI000180030509
PS180033875604;;FO180030007037;13;CS001800307149;CSP;CO;TI000180030509
PS180033875605;;FO180030007038;14;CS001800307149;CSP;CO;TI000180030509
PS180033875606;;FO180030007039;15;CS001800307149;CSP;CO;TI000180030509
PS180033875607;;FO180030007040;16;CS001800307149;CSP;CO;TI000180030509
PS180033875608;;FO180030007041;17;CS001800307149;CSP;CO;TI000180030509
PS180033875609;;FO180030007042;18;CS001800307149;CSP;CO;TI000180030509
PS180033875610;;FO180030007043;19;CS001800307149;CSP;CO;TI000180030509
PS180033875611;;FO180030007044;20;CS001800307149;CSP;CO;TI000180030509
PS180033875612;;FO180030007045;21;CS001800307149;CSP;CO;TI000180030509
PS180033875613;;FO180030007046;22;CS001800307149;CSP;CO;TI000180030509
PS180033875614;;FO180030007047;23;CS001800307149;CSP;CO;TI000180030509
PS180033875615;;FO180030007048;24;CS001800307149;CSP;CO;TI000180030509
PS180033875616;;FO180030007049;1;CS001800307150;CSP;CO;TI000180030509
PS180033875617;;FO180030007050;2;CS001800307150;CSP;CO;TI000180030509
PS180033875618;;FO180030007051;3;CS001800307150;CSP;CO;TI000180030509
PS180033875619;;FO180030007052;4;CS001800307150;CSP;CO;TI000180030509
PS180033875620;;FO180030007053;5;CS001800307150;CSP;CO;TI000180030509
PS180033875621;;FO180030007054;6;CS001800307150;CSP;CO;TI000180030509
PS180033875622;;FO180030007055;7;CS001800307150;CSP;CO;TI000180030509
PS180033875623;;FO180030007056;8;CS001800307150;CSP;CO;TI000180030509
PS180033875624;;FO180030007057;9;CS001800307150;CSP;CO;TI000180030509
PS180033875625;;FO180030007058;10;CS001800307150;CSP;CO;TI000180030509
PS180033875626;;FO180030007059;11;CS001800307150;CSP;CO;TI000180030509
PS180033875627;;FO180030007060;12;CS001800307150;CSP;CO;TI000180030509
PS180033875628;;FO180030007061;13;CS001800307150;CSP;CO;TI000180030509
PS180033875629;;FO180030007062;14;CS001800307150;CSP;CO;TI000180030509
PS180033875630;;FO180030007063;15;CS001800307150;CSP;CO;TI000180030509
PS180033875631;;FO180030007064;16;CS001800307150;CSP;CO;TI000180030509
PS180033875632;;FO180030007065;17;CS001800307150;CSP;CO;TI000180030509
PS180033875633;;FO180030007066;18;CS001800307150;CSP;CO;TI000180030509
PS180033875634;;FO180030007067;19;CS001800307150;CSP;CO;TI000180030509
PS180033875635;;FO180030007068;20;CS001800307150;CSP;CO;TI000180030509
PS180033875636;;FO180030007069;21;CS001800307150;CSP;CO;TI000180030509
PS180033875637;;FO180030007070;22;CS001800307150;CSP;CO;TI000180030509
PS180033875638;;FO180030007071;23;CS001800307150;CSP;CO;TI000180030509
PS180033875639;;FO180030007072;24;CS001800307150;CSP;CO;TI000180030509
PS180033875640;;FO180030007073;1;CS001800307151;CSP;CO;TI000180030509
PS180033875641;;FO180030007074;2;CS001800307151;CSP;CO;TI000180030509
PS180033875642;;FO180030007075;3;CS001800307151;CSP;CO;TI000180030509
PS180033875643;;FO180030007076;4;CS001800307151;CSP;CO;TI000180030509
PS180033875644;;FO180030007077;5;CS001800307151;CSP;CO;TI000180030509
PS180033875645;;FO180030007078;6;CS001800307151;CSP;CO;TI000180030509
PS180033875646;;FO180030007079;7;CS001800307151;CSP;CO;TI000180030509
PS180033875647;;FO180030007080;8;CS001800307151;CSP;CO;TI000180030509
PS180033875648;;FO180030007081;9;CS001800307151;CSP;CO;TI000180030509
PS180033875649;;FO180030007082;10;CS001800307151;CSP;CO;TI000180030509
PS180033875650;;FO180030007083;11;CS001800307151;CSP;CO;TI000180030509
PS180033875651;;FO180030007084;12;CS001800307151;CSP;CO;TI000180030509
PS180033875652;;FO180030007085;13;CS001800307151;CSP;CO;TI000180030509
PS180033875653;;FO180030007086;14;CS001800307151;CSP;CO;TI000180030509
PS180033875654;;FO180030007087;15;CS001800307151;CSP;CO;TI000180030509
PS180033875655;;FO180030007088;16;CS001800307151;CSP;CO;TI000180030509
PS180033875656;;FO180030007089;17;CS001800307151;CSP;CO;TI000180030509
PS180033875657;;FO180030007090;18;CS001800307151;CSP;CO;TI000180030509
PS180033875658;;FO180030007091;19;CS001800307151;CSP;CO;TI000180030509
PS180033875659;;FO180030007092;20;CS001800307151;CSP;CO;TI000180030509
PS180033875660;;FO180030007093;21;CS001800307151;CSP;CO;TI000180030509
PS180033875661;;FO180030007094;22;CS001800307151;CSP;CO;TI000180030509
PS180033875662;;FO180030007095;23;CS001800307151;CSP;CO;TI000180030509
PS180033875663;;FO180030007096;24;CS001800307151;CSP;CO;TI000180030509
