pt_code;pt_codeext;pt_abandon;pt_etiquet;pt_perirec;pt_nd_code;pt_prop;pt_gest;pt_proptyp;pt_statut;pt_avct;pt_typephy;pt_typelog;pt_nature;pt_secu;pt_a_struc;pt_a_haut
PT000180030091;OPE_CH04;0;;PM7-CST-01;ND000180030091;OR900000000000;OR900000000000;LOC;AVP;E;C;;D4;0;;
PT000180032793;OPE_AP05;0;33000_PT_OPE_00005;PM7-CST-01;ND000180032793;OR900000000000;OR900000000000;LOC;AVP;E;A;;PIND;0;;
PT000180030502;OPE_CH06;0;33000_PT_OPE_00006;PM7-CST-02;ND000180030502;OR900000000002;OR900000000002;CST;AVP;E;C;;L4T;0;;
PT000180032722;OPE_AP07;0;33000_PT_OPE_00007;PM7-CST-02;ND000180032722;OR900000000000;OR900000000000;LOC;AVP;E;A;;PIND;0;;
PT000180030065;OPE_CH08;0;33000_PT_OPE_00008;PM7-CST-01;ND000180030065;OR900000000000;OR900000000000;LOC;AVP;E;C;;OHN;0;;
PT000180030503;OPE_CH09;0;;PM7-CST-01;ND000180030503;OR900000000002;OR900000000002;CST;AVP;E;C;;L2T;0;;
PT000180030064;OPE_CH10;0;33000_PT_OPE_00010;PM7-CST-02;ND000180030064;OR900000000000;OR900000000000;LOC;AVP;E;C;;K1C;0;;
PT000180031350;OPE_AP11;0;33000_PT_OPE_00011;PM7-CST-01;ND000180031350;OR900000000003;OR900000000003;LOC;AVP;E;A;;PIND;0;;
PT000180030072;OPE_CH12;0;33000_PT_OPE_00012;PM7-CST-02;ND000180030072;OR900000000000;OR900000000000;LOC;AVP;E;C;;OHN;0;;
